id;k1;b1;D1;p-value linear 1;R_score1;AIC_linear1;kef x^2 (1);kef x (1);kef 1 (1);p-value quadr 1;R_score quadr 1;AIC_quadr1
1;-1.969;14.573;1.969;0.0000000000000000000000000;0.999;-75.562;-0.008;-1.893;14.420;0.0000000000000000000000000;0.999;-77.163
2;-1.936;14.778;1.936;0.0000000000000000000000000;0.999;-77.458;-0.000;-1.933;14.773;0.0000000000000000000000000;0.999;-75.461
8;-1.988;15.965;1.988;0.0000000000000000000000000;0.999;-79.595;0.004;-2.030;16.048;0.0000000000000000000000000;0.999;-78.745
9;-2.012;15.613;2.012;0.0000000000000000000000000;0.998;-29.951;0.010;-2.107;15.804;0.0000000000000000000000000;0.998;-29.750
10;-1.883;14.047;1.883;0.0000000000000000000000000;0.998;-43.503;-0.025;-1.648;13.576;0.0000000000000000000000000;0.999;-60.100
13;-1.973;13.937;1.973;0.0000000000000000000000000;0.999;-46.120;0.001;-1.985;13.961;0.0000000000000000000000000;0.999;-44.163
14;-1.868;13.419;1.868;0.0000000000000000000000000;0.996;-7.681;-0.050;-1.396;12.470;0.0000000000000000000000000;0.998;-44.948
15;-1.908;14.343;1.908;0.0000000000000000000000000;0.998;-33.558;-0.014;-1.778;14.082;0.0000000000000000000000000;0.998;-35.329
16;-2.000;15.932;2.000;0.0000000000000000000000000;0.996;-6.123;0.015;-2.146;16.225;0.0000000000000000000000000;0.997;-6.499
17;-1.934;14.235;1.934;0.0000000000000000000000000;0.999;-81.160;-0.007;-1.872;14.109;0.0000000000000000000000000;0.999;-81.909
18;-1.984;15.815;1.984;0.0000000000000000000000000;1.000;-110.791;0.004;-2.021;15.890;0.0000000000000000000000000;1.000;-110.777
19;-1.977;15.212;1.977;0.0000000000000000000000000;0.999;-55.113;0.010;-2.070;15.398;0.0000000000000000000000000;0.999;-56.335
20;-1.990;14.629;1.990;0.0000000000000000000000000;1.000;-94.031;0.007;-2.056;14.761;0.0000000000000000000000000;1.000;-96.251
22;-1.984;14.554;1.984;0.0000000000000000000000000;0.995;4.512;0.015;-2.122;14.831;0.0000000000000000000000000;0.995;4.879
24;-1.960;14.737;1.960;0.0000000000000000000000000;0.999;-63.393;-0.007;-1.891;14.598;0.0000000000000000000000000;0.999;-63.543
26;-1.994;14.855;1.994;0.0000000000000000000000000;0.998;-35.389;0.001;-2.001;14.870;0.0000000000000000000000000;0.998;-33.401
27;-1.768;12.638;1.768;0.0000000000000000000000000;0.996;-13.546;0.042;-2.164;13.435;0.0000000000000000000000000;0.998;-40.147
28;-1.967;14.370;1.967;0.0000000000000000000000000;0.999;-75.196;-0.000;-1.965;14.366;0.0000000000000000000000000;0.999;-73.198
29;-1.905;13.215;1.905;0.0000000000000000000000000;0.999;-78.496;-0.017;-1.741;12.886;0.0000000000000000000000000;1.000;-98.634
30;-1.954;13.052;1.954;0.0000000000000000000000000;0.998;-38.893;-0.019;-1.773;12.687;0.0000000000000000000000000;0.999;-45.800
32;-1.962;14.102;1.962;0.0000000000000000000000000;0.999;-81.132;-0.007;-1.896;13.970;0.0000000000000000000000000;0.999;-82.137
33;-1.958;15.273;1.958;0.0000000000000000000000000;0.999;-73.979;-0.007;-1.895;15.146;0.0000000000000000000000000;0.999;-74.310
35;-1.885;12.777;1.885;0.0000000000000000000000000;0.999;-58.074;0.005;-1.934;12.877;0.0000000000000000000000000;0.999;-57.039
36;-1.827;13.375;1.827;0.0000000000000000000000000;0.998;-38.811;0.015;-1.965;13.651;0.0000000000000000000000000;0.998;-41.664
37;-1.959;13.811;1.959;0.0000000000000000000000000;0.998;-26.745;-0.021;-1.757;13.405;0.0000000000000000000000000;0.998;-32.860
38;-1.870;11.297;1.870;0.0000000000000000000000000;0.999;-57.590;-0.023;-1.650;10.855;0.0000000000000000000000000;0.999;-80.268
39;-1.984;14.748;1.984;0.0000000000000000000000000;0.999;-72.009;0.009;-2.066;14.911;0.0000000000000000000000000;0.999;-73.756
41;-1.881;13.978;1.881;0.0000000000000000000000000;0.999;-48.553;-0.009;-1.794;13.804;0.0000000000000000000000000;0.999;-48.918
42;-1.951;14.141;1.951;0.0000000000000000000000000;0.999;-72.260;-0.008;-1.876;13.990;0.0000000000000000000000000;0.999;-73.496
43;-1.995;14.850;1.995;0.0000000000000000000000000;0.999;-48.024;0.008;-2.075;15.010;0.0000000000000000000000000;0.999;-47.990
44;-1.969;13.578;1.969;0.0000000000000000000000000;0.999;-80.135;-0.002;-1.953;13.546;0.0000000000000000000000000;0.999;-78.307
45;-1.876;12.056;1.876;0.0000000000000000000000000;0.998;-46.078;0.008;-1.953;12.209;0.0000000000000000000000000;0.999;-45.795
46;-1.971;14.205;1.971;0.0000000000000000000000000;1.000;-101.630;-0.013;-1.849;13.960;0.0000000000000000000000000;1.000;-121.051
47;-1.956;13.028;1.956;0.0000000000000000000000000;0.998;-37.713;-0.026;-1.715;12.543;0.0000000000000000000000000;0.999;-52.431
48;-1.994;14.882;1.994;0.0000000000000000000000000;0.999;-47.322;-0.010;-1.902;14.697;0.0000000000000000000000000;0.999;-47.945
50;-1.888;13.718;1.888;0.0000000000000000000000000;1.000;-100.009;0.013;-2.008;13.958;0.0000000000000000000000000;1.000;-117.243
52;-1.875;13.147;1.875;0.0000000000000000000000000;0.998;-38.979;-0.034;-1.554;12.501;0.0000000000000000000000000;0.999;-75.763
55;-1.980;12.930;1.980;0.0000000000000000000000000;0.999;-85.305;-0.008;-1.906;12.783;0.0000000000000000000000000;1.000;-87.560
56;-1.990;14.987;1.990;0.0000000000000000000000000;1.000;-87.778;-0.010;-1.897;14.799;0.0000000000000000000000000;1.000;-93.432
58;-1.990;15.345;1.990;0.0000000000000000000000000;0.999;-73.973;-0.001;-1.978;15.319;0.0000000000000000000000000;0.999;-72.062
59;-1.969;14.381;1.969;0.0000000000000000000000000;0.999;-67.538;-0.011;-1.866;14.173;0.0000000000000000000000000;0.999;-71.110
60;-1.976;14.027;1.976;0.0000000000000000000000000;0.999;-75.579;-0.003;-1.946;13.966;0.0000000000000000000000000;0.999;-74.130
61;-1.791;11.781;1.791;0.0000000000000000000000000;0.998;-45.108;-0.015;-1.653;11.504;0.0000000000000000000000000;0.998;-48.879
62;-1.905;15.219;1.905;0.0000000000000000000000000;0.999;-79.292;0.014;-2.033;15.476;0.0000000000000000000000000;1.000;-89.648
63;-1.979;14.656;1.979;0.0000000000000000000000000;0.999;-80.018;-0.010;-1.887;14.470;0.0000000000000000000000000;0.999;-84.108
64;-1.678;13.796;1.678;0.0000000000000000000000000;0.996;-12.452;0.035;-2.005;14.454;0.0000000000000000000000000;0.997;-27.053
65;-1.956;14.601;1.956;0.0000000000000000000000000;0.999;-75.347;0.011;-2.057;14.804;0.0000000000000000000000000;0.999;-79.878
67;-2.006;15.959;2.006;0.0000000000000000000000000;0.995;5.287;0.014;-2.136;16.220;0.0000000000000000000000000;0.995;5.870
68;-1.935;13.777;1.935;0.0000000000000000000000000;0.998;-34.708;-0.002;-1.918;13.743;0.0000000000000000000000000;0.998;-32.771
70;-1.961;14.485;1.961;0.0000000000000000000000000;0.999;-77.838;-0.005;-1.911;14.383;0.0000000000000000000000000;0.999;-77.477
71;-1.831;12.253;1.831;0.0000000000000000000000000;0.999;-53.561;-0.017;-1.672;11.933;0.0000000000000000000000000;0.999;-61.461
72;-1.922;14.021;1.922;0.0000000000000000000000000;0.999;-53.419;0.018;-2.089;14.357;0.0000000000000000000000000;0.999;-62.462
75;-1.919;15.003;1.919;0.0000000000000000000000000;0.999;-64.452;0.017;-2.077;15.320;0.0000000000000000000000000;0.999;-75.570
76;-1.898;13.135;1.898;0.0000000000000000000000000;0.999;-51.054;-0.020;-1.708;12.753;0.0000000000000000000000000;0.999;-63.007
78;-1.938;13.422;1.938;0.0000000000000000000000000;0.999;-80.610;-0.009;-1.852;13.249;0.0000000000000000000000000;0.999;-83.892
79;-1.986;15.728;1.986;0.0000000000000000000000000;0.999;-66.801;-0.003;-1.960;15.676;0.0000000000000000000000000;0.999;-65.118
80;-1.938;13.749;1.938;0.0000000000000000000000000;0.999;-87.880;-0.011;-1.833;13.539;0.0000000000000000000000000;1.000;-95.807
81;-1.951;14.746;1.951;0.0000000000000000000000000;0.998;-42.429;-0.003;-1.919;14.682;0.0000000000000000000000000;0.998;-40.701
82;-1.884;12.771;1.884;0.0000000000000000000000000;0.994;12.389;-0.067;-1.253;11.503;0.0000000000000000000000000;0.998;-31.759
83;-1.874;12.370;1.874;0.0000000000000000000000000;0.998;-47.175;0.003;-1.901;12.424;0.0000000000000000000000000;0.999;-45.385
84;-1.951;13.887;1.951;0.0000000000000000000000000;1.000;-99.514;-0.009;-1.871;13.726;0.0000000000000000000000000;1.000;-105.015
85;-1.961;15.336;1.961;0.0000000000000000000000000;0.999;-85.889;-0.005;-1.916;15.246;0.0000000000000000000000000;0.999;-85.457
86;-1.943;14.471;1.943;0.0000000000000000000000000;0.999;-46.451;0.001;-1.951;14.487;0.0000000000000000000000000;0.999;-44.470
87;-1.945;13.516;1.945;0.0000000000000000000000000;0.999;-75.751;-0.007;-1.875;13.375;0.0000000000000000000000000;0.999;-76.789
88;-1.866;13.662;1.866;0.0000000000000000000000000;0.998;-27.813;-0.019;-1.685;13.297;0.0000000000000000000000000;0.998;-32.415
89;-1.981;14.805;1.981;0.0000000000000000000000000;0.998;-27.970;-0.003;-1.955;14.752;0.0000000000000000000000000;0.998;-26.100
90;-1.983;15.532;1.983;0.0000000000000000000000000;1.000;-97.782;-0.002;-1.968;15.502;0.0000000000000000000000000;1.000;-96.007
91;-1.919;12.285;1.919;0.0000000000000000000000000;0.997;-21.237;-0.020;-1.729;11.904;0.0000000000000000000000000;0.998;-25.349
93;-1.988;15.594;1.988;0.0000000000000000000000000;1.000;-88.468;0.011;-2.096;15.811;0.0000000000000000000000000;1.000;-97.164
94;-1.945;14.157;1.945;0.0000000000000000000000000;1.000;-93.931;0.012;-2.055;14.379;0.0000000000000000000000000;1.000;-105.180
95;-1.983;15.297;1.983;0.0000000000000000000000000;0.999;-85.511;0.004;-2.022;15.375;0.0000000000000000000000000;0.999;-84.660
96;-1.803;13.147;1.803;0.0000000000000000000000000;0.996;-11.699;0.033;-2.111;13.766;0.0000000000000000000000000;0.997;-23.719
97;-1.947;14.175;1.947;0.0000000000000000000000000;0.999;-86.303;-0.000;-1.945;14.172;0.0000000000000000000000000;0.999;-84.305
99;-1.986;14.788;1.986;0.0000000000000000000000000;0.998;-40.575;0.006;-2.040;14.895;0.0000000000000000000000000;0.998;-39.306
100;-1.988;15.224;1.988;0.0000000000000000000000000;0.999;-59.208;-0.019;-1.811;14.868;0.0000000000000000000000000;0.999;-72.115
101;-1.817;12.570;1.817;0.0000000000000000000000000;1.000;-98.614;0.001;-1.830;12.598;0.0000000000000000000000000;1.000;-96.816
103;-1.963;15.455;1.963;0.0000000000000000000000000;1.000;-94.729;0.004;-2.004;15.538;0.0000000000000000000000000;1.000;-94.349
104;-1.971;13.974;1.971;0.0000000000000000000000000;1.000;-102.517;-0.007;-1.909;13.851;0.0000000000000000000000000;1.000;-105.113
105;-2.014;15.127;2.014;0.0000000000000000000000000;0.996;-6.502;0.016;-2.161;15.423;0.0000000000000000000000000;0.997;-6.962
106;-1.971;13.670;1.971;0.0000000000000000000000000;1.000;-98.009;-0.000;-1.970;13.668;0.0000000000000000000000000;1.000;-96.009
107;-1.951;14.389;1.951;0.0000000000000000000000000;1.000;-109.837;-0.004;-1.913;14.313;0.0000000000000000000000000;1.000;-109.876
108;-1.883;12.882;1.883;0.0000000000000000000000000;0.996;-7.258;-0.042;-1.487;12.086;0.0000000000000000000000000;0.998;-28.303
109;-1.890;14.977;1.890;0.0000000000000000000000000;0.999;-55.258;-0.013;-1.769;14.735;0.0000000000000000000000000;0.999;-58.876
111;-1.777;11.538;1.777;0.0000000000000000000000000;0.999;-73.116;-0.012;-1.666;11.315;0.0000000000000000000000000;0.999;-78.666
112;-1.973;14.603;1.973;0.0000000000000000000000000;1.000;-115.209;-0.003;-1.943;14.542;0.0000000000000000000000000;1.000;-114.637
113;-1.958;14.629;1.958;0.0000000000000000000000000;0.999;-53.780;-0.001;-1.951;14.615;0.0000000000000000000000000;0.999;-51.797
114;-1.967;14.578;1.967;0.0000000000000000000000000;0.999;-55.510;-0.006;-1.906;14.456;0.0000000000000000000000000;0.999;-54.879
115;-1.961;14.642;1.961;0.0000000000000000000000000;1.000;-88.850;-0.011;-1.857;14.434;0.0000000000000000000000000;1.000;-96.753
116;-1.982;14.511;1.982;0.0000000000000000000000000;1.000;-92.094;-0.002;-1.962;14.470;0.0000000000000000000000000;1.000;-90.474
117;-1.963;14.309;1.963;0.0000000000000000000000000;0.999;-63.410;0.002;-1.979;14.341;0.0000000000000000000000000;0.999;-61.520
118;-1.978;15.650;1.978;0.0000000000000000000000000;0.998;-28.636;0.003;-2.008;15.710;0.0000000000000000000000000;0.998;-26.803
119;-1.924;13.299;1.924;0.0000000000000000000000000;0.998;-29.359;0.007;-1.989;13.431;0.0000000000000000000000000;0.998;-28.190
120;-1.979;14.681;1.979;0.0000000000000000000000000;0.997;-12.023;0.008;-2.057;14.839;0.0000000000000000000000000;0.997;-10.811
122;-1.984;14.880;1.984;0.0000000000000000000000000;0.999;-62.288;-0.002;-1.964;14.841;0.0000000000000000000000000;0.999;-60.453
123;-1.908;12.932;1.908;0.0000000000000000000000000;0.998;-34.144;-0.030;-1.625;12.362;0.0000000000000000000000000;0.999;-54.778
124;-1.973;14.953;1.973;0.0000000000000000000000000;0.999;-85.983;-0.017;-1.817;14.639;0.0000000000000000000000000;1.000;-108.892
125;-1.969;13.733;1.969;0.0000000000000000000000000;0.995;3.894;0.012;-2.080;13.956;0.0000000000000000000000000;0.995;4.829
126;-2.004;14.744;2.004;0.0000000000000000000000000;0.996;-3.873;-0.011;-1.900;14.536;0.0000000000000000000000000;0.996;-2.991
127;-1.967;13.826;1.967;0.0000000000000000000000000;0.999;-82.253;-0.009;-1.883;13.659;0.0000000000000000000000000;0.999;-85.385
128;-1.933;14.457;1.933;0.0000000000000000000000000;0.997;-11.705;-0.013;-1.812;14.214;0.0000000000000000000000000;0.997;-11.572
129;-1.971;15.276;1.971;0.0000000000000000000000000;0.999;-73.438;-0.007;-1.903;15.139;0.0000000000000000000000000;0.999;-74.145
131;-1.992;15.157;1.992;0.0000000000000000000000000;0.999;-45.589;0.002;-2.014;15.203;0.0000000000000000000000000;0.999;-43.737
132;-1.989;13.711;1.989;0.0000000000000000000000000;0.999;-46.868;0.009;-2.070;13.874;0.0000000000000000000000000;0.999;-46.847
133;-1.927;14.614;1.927;0.0000000000000000000000000;0.998;-44.308;-0.009;-1.840;14.439;0.0000000000000000000000000;0.999;-44.455
134;-1.994;14.687;1.994;0.0000000000000000000000000;0.999;-84.673;-0.008;-1.923;14.543;0.0000000000000000000000000;1.000;-86.648
135;-1.921;14.802;1.921;0.0000000000000000000000000;0.999;-73.430;0.002;-1.938;14.835;0.0000000000000000000000000;0.999;-71.584
136;-1.942;13.372;1.942;0.0000000000000000000000000;0.999;-76.907;0.006;-2.001;13.492;0.0000000000000000000000000;0.999;-77.150
137;-1.874;11.866;1.874;0.0000000000000000000000000;0.996;-2.352;-0.059;-1.319;10.750;0.0000000000000000000000000;0.999;-56.977
138;-1.913;13.137;1.913;0.0000000000000000000000000;0.999;-81.495;0.010;-2.010;13.332;0.0000000000000000000000000;0.999;-86.557
140;-1.952;14.179;1.952;0.0000000000000000000000000;0.999;-63.795;-0.023;-1.734;13.741;0.0000000000000000000000000;1.000;-91.515
141;-1.952;14.338;1.952;0.0000000000000000000000000;1.000;-97.574;-0.010;-1.861;14.155;0.0000000000000000000000000;1.000;-105.094
142;-1.890;13.693;1.890;0.0000000000000000000000000;0.999;-54.302;0.017;-2.049;14.012;0.0000000000000000000000000;0.999;-62.374
144;-1.975;14.050;1.975;0.0000000000000000000000000;0.998;-36.560;-0.016;-1.826;13.751;0.0000000000000000000000000;0.998;-40.006
145;-1.893;13.991;1.893;0.0000000000000000000000000;0.999;-76.543;0.001;-1.900;14.005;0.0000000000000000000000000;0.999;-74.576
146;-1.894;13.369;1.894;0.0000000000000000000000000;0.997;-14.340;-0.037;-1.548;12.675;0.0000000000000000000000000;0.998;-32.467
147;-1.972;14.650;1.972;0.0000000000000000000000000;1.000;-96.123;-0.008;-1.901;14.508;0.0000000000000000000000000;1.000;-99.340
148;-1.942;14.602;1.942;0.0000000000000000000000000;0.999;-82.400;0.005;-1.989;14.698;0.0000000000000000000000000;0.999;-82.037
149;-1.955;14.150;1.955;0.0000000000000000000000000;0.999;-58.792;-0.015;-1.814;13.867;0.0000000000000000000000000;0.999;-65.483
150;-1.997;14.734;1.997;0.0000000000000000000000000;0.999;-86.199;-0.001;-1.989;14.716;0.0000000000000000000000000;0.999;-84.258
151;-1.945;12.571;1.945;0.0000000000000000000000000;0.998;-43.299;-0.025;-1.709;12.095;0.0000000000000000000000000;0.999;-60.194
152;-1.960;13.894;1.960;0.0000000000000000000000000;0.999;-69.518;-0.016;-1.806;13.584;0.0000000000000000000000000;0.999;-82.042
153;-1.925;13.103;1.925;0.0000000000000000000000000;1.000;-109.308;-0.011;-1.820;12.891;0.0000000000000000000000000;1.000;-126.011
154;-1.987;14.661;1.987;0.0000000000000000000000000;1.000;-121.647;-0.006;-1.928;14.543;0.0000000000000000000000000;1.000;-126.499
155;-1.890;13.888;1.890;0.0000000000000000000000000;0.999;-71.116;-0.002;-1.869;13.844;0.0000000000000000000000000;0.999;-69.371
156;-1.900;13.328;1.900;0.0000000000000000000000000;0.999;-61.949;-0.012;-1.790;13.105;0.0000000000000000000000000;0.999;-65.555
157;-1.994;15.571;1.994;0.0000000000000000000000000;0.999;-78.113;0.009;-2.079;15.741;0.0000000000000000000000000;0.999;-80.917
158;-1.916;14.278;1.916;0.0000000000000000000000000;0.999;-75.440;0.002;-1.933;14.314;0.0000000000000000000000000;0.999;-73.624
159;-1.927;14.903;1.927;0.0000000000000000000000000;0.999;-72.174;-0.014;-1.798;14.644;0.0000000000000000000000000;0.999;-80.406
160;-1.993;14.793;1.993;0.0000000000000000000000000;1.000;-91.009;-0.004;-1.959;14.725;0.0000000000000000000000000;1.000;-90.016
161;-1.977;14.749;1.977;0.0000000000000000000000000;0.998;-25.021;0.004;-2.018;14.832;0.0000000000000000000000000;0.998;-23.319
162;-1.921;14.170;1.921;0.0000000000000000000000000;0.999;-47.187;-0.023;-1.707;13.741;0.0000000000000000000000000;0.999;-61.643
163;-1.920;13.336;1.920;0.0000000000000000000000000;0.999;-57.568;-0.023;-1.708;12.910;0.0000000000000000000000000;0.999;-77.920
164;-1.875;13.604;1.875;0.0000000000000000000000000;1.000;-95.363;0.006;-1.936;13.726;0.0000000000000000000000000;1.000;-97.071
165;-1.966;14.391;1.966;0.0000000000000000000000000;0.999;-54.896;-0.010;-1.869;14.197;0.0000000000000000000000000;0.999;-56.401
166;-2.006;15.972;2.006;0.0000000000000000000000000;0.997;-11.731;0.013;-2.132;16.225;0.0000000000000000000000000;0.997;-11.770
168;-1.982;13.705;1.982;0.0000000000000000000000000;0.999;-83.725;-0.013;-1.864;13.468;0.0000000000000000000000000;1.000;-93.374
169;-1.977;14.571;1.977;0.0000000000000000000000000;0.996;-4.973;-0.025;-1.743;14.100;0.0000000000000000000000000;0.997;-9.282
170;-1.961;14.077;1.961;0.0000000000000000000000000;1.000;-91.516;0.008;-2.037;14.230;0.0000000000000000000000000;1.000;-94.937
171;-1.882;13.009;1.882;0.0000000000000000000000000;0.998;-45.468;-0.027;-1.632;12.506;0.0000000000000000000000000;0.999;-66.832
173;-1.929;13.016;1.929;0.0000000000000000000000000;0.996;-0.609;-0.004;-1.893;12.944;0.0000000000000000000000000;0.996;1.268
174;-1.924;11.429;1.924;0.0000000000000000000000000;0.998;-34.598;-0.034;-1.603;10.784;0.0000000000000000000000000;0.999;-65.277
175;-2.009;15.632;2.009;0.0000000000000000000000000;0.991;33.185;0.019;-2.189;15.994;0.0000000000000000000000000;0.991;33.810
176;-1.890;12.901;1.890;0.0000000000000000000000000;0.999;-82.256;-0.011;-1.786;12.692;0.0000000000000000000000000;0.999;-88.571
177;-1.949;14.585;1.949;0.0000000000000000000000000;0.999;-50.325;-0.018;-1.783;14.252;0.0000000000000000000000000;0.999;-58.235
178;-1.967;14.147;1.967;0.0000000000000000000000000;0.999;-48.360;-0.004;-1.932;14.078;0.0000000000000000000000000;0.999;-46.727
180;-1.947;14.299;1.947;0.0000000000000000000000000;0.999;-74.445;-0.007;-1.879;14.164;0.0000000000000000000000000;0.999;-75.158
181;-1.926;13.736;1.926;0.0000000000000000000000000;0.998;-36.747;-0.001;-1.914;13.712;0.0000000000000000000000000;0.998;-34.780
182;-1.980;13.162;1.980;0.0000000000000000000000000;0.998;-36.634;-0.012;-1.865;12.931;0.0000000000000000000000000;0.998;-37.804
183;-1.985;15.531;1.985;0.0000000000000000000000000;1.000;-99.752;0.000;-1.985;15.531;0.0000000000000000000000000;1.000;-97.752
184;-1.983;14.490;1.983;0.0000000000000000000000000;0.999;-56.178;-0.022;-1.775;14.072;0.0000000000000000000000000;0.999;-74.488
187;-1.898;14.515;1.898;0.0000000000000000000000000;0.998;-41.527;-0.031;-1.609;13.933;0.0000000000000000000000000;0.999;-70.488
188;-1.970;13.894;1.970;0.0000000000000000000000000;0.999;-56.486;-0.013;-1.846;13.644;0.0000000000000000000000000;0.999;-60.692
189;-1.951;13.810;1.951;0.0000000000000000000000000;1.000;-93.033;-0.008;-1.871;13.650;0.0000000000000000000000000;1.000;-97.175
190;-1.974;15.274;1.974;0.0000000000000000000000000;1.000;-89.551;0.007;-2.036;15.399;0.0000000000000000000000000;1.000;-90.936
191;-1.914;14.080;1.914;0.0000000000000000000000000;0.999;-65.379;-0.017;-1.756;13.763;0.0000000000000000000000000;0.999;-76.870
192;-1.919;14.478;1.919;0.0000000000000000000000000;0.999;-45.458;-0.026;-1.674;13.986;0.0000000000000000000000000;0.999;-65.554
193;-1.934;15.201;1.934;0.0000000000000000000000000;0.999;-84.051;-0.015;-1.795;14.922;0.0000000000000000000000000;1.000;-99.333
195;-1.792;13.990;1.792;0.0000000000000000000000000;0.990;28.389;-0.043;-1.386;13.175;0.0000000000000000000000000;0.992;21.811
196;-1.985;14.938;1.985;0.0000000000000000000000000;0.998;-33.916;0.002;-2.003;14.973;0.0000000000000000000000000;0.998;-31.981
197;-1.892;14.732;1.892;0.0000000000000000000000000;1.000;-100.437;0.010;-1.982;14.913;0.0000000000000000000000000;1.000;-108.376
198;-1.941;13.646;1.941;0.0000000000000000000000000;0.999;-51.906;-0.007;-1.880;13.522;0.0000000000000000000000000;0.999;-51.186
199;-1.983;16.119;1.983;0.0000000000000000000000000;0.999;-54.424;-0.007;-1.916;15.984;0.0000000000000000000000000;0.999;-54.045
200;-1.900;14.304;1.900;0.0000000000000000000000000;0.999;-52.851;0.007;-1.967;14.438;0.0000000000000000000000000;0.999;-52.396
201;-1.943;14.146;1.943;0.0000000000000000000000000;0.999;-56.742;-0.011;-1.844;13.947;0.0000000000000000000000000;0.999;-58.616
202;-1.973;14.142;1.973;0.0000000000000000000000000;0.999;-44.922;0.003;-1.999;14.194;0.0000000000000000000000000;0.999;-43.117
203;-1.973;14.378;1.973;0.0000000000000000000000000;0.997;-17.076;-0.016;-1.827;14.083;0.0000000000000000000000000;0.997;-18.270
204;-1.995;15.057;1.995;0.0000000000000000000000000;0.998;-35.816;0.003;-2.025;15.116;0.0000000000000000000000000;0.998;-34.011
205;-1.945;14.604;1.945;0.0000000000000000000000000;1.000;-99.640;0.004;-1.979;14.673;0.0000000000000000000000000;1.000;-98.903
206;-1.957;14.267;1.957;0.0000000000000000000000000;0.998;-25.379;-0.008;-1.879;14.112;0.0000000000000000000000000;0.998;-24.435
207;-2.012;16.284;2.012;0.0000000000000000000000000;0.994;14.436;0.015;-2.154;16.569;0.0000000000000000000000000;0.994;15.091
208;-1.937;13.673;1.937;0.0000000000000000000000000;0.995;1.161;0.010;-2.035;13.869;0.0000000000000000000000000;0.996;2.284
209;-1.948;13.934;1.948;0.0000000000000000000000000;0.999;-64.832;-0.014;-1.817;13.670;0.0000000000000000000000000;0.999;-71.585
210;-1.875;13.002;1.875;0.0000000000000000000000000;0.997;-14.561;-0.035;-1.545;12.338;0.0000000000000000000000000;0.998;-30.686
211;-1.944;14.133;1.944;0.0000000000000000000000000;0.999;-66.161;-0.010;-1.848;13.940;0.0000000000000000000000000;0.999;-68.750
212;-1.969;15.391;1.969;0.0000000000000000000000000;1.000;-92.210;-0.016;-1.819;15.088;0.0000000000000000000000000;1.000;-118.135
213;-1.952;13.530;1.952;0.0000000000000000000000000;0.998;-42.529;0.003;-1.977;13.580;0.0000000000000000000000000;0.998;-40.696
215;-1.969;14.069;1.969;0.0000000000000000000000000;0.999;-72.884;0.001;-1.975;14.082;0.0000000000000000000000000;0.999;-70.906
216;-1.937;14.342;1.937;0.0000000000000000000000000;0.999;-84.618;-0.006;-1.876;14.220;0.0000000000000000000000000;0.999;-85.439
217;-1.965;15.198;1.965;0.0000000000000000000000000;0.999;-56.823;-0.006;-1.907;15.083;0.0000000000000000000000000;0.999;-56.091
218;-1.967;14.565;1.967;0.0000000000000000000000000;1.000;-96.968;-0.008;-1.893;14.416;0.0000000000000000000000000;1.000;-100.852
220;-1.783;12.448;1.783;0.0000000000000000000000000;0.998;-40.013;-0.018;-1.616;12.113;0.0000000000000000000000000;0.998;-45.638
221;-1.972;14.690;1.972;0.0000000000000000000000000;0.999;-69.666;-0.001;-1.965;14.676;0.0000000000000000000000000;0.999;-67.689
222;-1.971;13.765;1.971;0.0000000000000000000000000;0.999;-49.484;-0.006;-1.913;13.650;0.0000000000000000000000000;0.999;-48.522
223;-1.947;14.601;1.947;0.0000000000000000000000000;0.999;-60.503;-0.015;-1.810;14.325;0.0000000000000000000000000;0.999;-67.112
224;-1.995;15.840;1.995;0.0000000000000000000000000;0.999;-71.313;-0.009;-1.915;15.679;0.0000000000000000000000000;0.999;-72.913
225;-1.935;13.820;1.935;0.0000000000000000000000000;0.999;-45.849;-0.027;-1.678;13.302;0.0000000000000000000000000;0.999;-69.482
227;-1.907;12.893;1.907;0.0000000000000000000000000;0.999;-74.891;-0.017;-1.746;12.569;0.0000000000000000000000000;1.000;-91.787
228;-1.898;12.880;1.898;0.0000000000000000000000000;0.999;-85.308;-0.014;-1.764;12.611;0.0000000000000000000000000;1.000;-99.748
230;-1.936;13.842;1.936;0.0000000000000000000000000;0.999;-83.224;0.008;-2.016;14.003;0.0000000000000000000000000;0.999;-86.075
231;-1.901;13.652;1.901;0.0000000000000000000000000;0.999;-73.238;-0.017;-1.741;13.331;0.0000000000000000000000000;0.999;-88.811
233;-1.967;14.093;1.967;0.0000000000000000000000000;0.999;-57.666;-0.002;-1.945;14.049;0.0000000000000000000000000;0.999;-55.847
234;-1.979;14.820;1.979;0.0000000000000000000000000;0.999;-78.302;-0.004;-1.939;14.741;0.0000000000000000000000000;0.999;-77.313
235;-1.993;14.524;1.993;0.0000000000000000000000000;0.998;-34.605;0.004;-2.027;14.592;0.0000000000000000000000000;0.998;-32.863
236;-1.954;13.240;1.954;0.0000000000000000000000000;0.999;-74.434;-0.017;-1.794;12.920;0.0000000000000000000000000;1.000;-90.605
237;-1.878;13.039;1.878;0.0000000000000000000000000;0.998;-38.463;-0.029;-1.606;12.492;0.0000000000000000000000000;0.999;-59.857
238;-1.975;14.589;1.975;0.0000000000000000000000000;1.000;-104.002;-0.008;-1.897;14.433;0.0000000000000000000000000;1.000;-109.927
240;-1.952;12.953;1.952;0.0000000000000000000000000;0.999;-87.551;-0.008;-1.878;12.805;0.0000000000000000000000000;1.000;-90.111
241;-2.008;15.563;2.008;0.0000000000000000000000000;0.990;37.880;0.011;-2.112;15.771;0.0000000000000000000000000;0.990;39.477
242;-1.934;14.225;1.934;0.0000000000000000000000000;1.000;-91.359;0.001;-1.942;14.241;0.0000000000000000000000000;1.000;-89.412
243;-1.815;13.877;1.815;0.0000000000000000000000000;0.998;-35.371;0.004;-1.851;13.950;0.0000000000000000000000000;0.998;-33.668
245;-1.935;14.085;1.935;0.0000000000000000000000000;0.995;5.199;0.010;-2.032;14.281;0.0000000000000000000000000;0.995;6.404
246;-1.929;14.131;1.929;0.0000000000000000000000000;1.000;-105.344;0.001;-1.934;14.141;0.0000000000000000000000000;1.000;-103.375
247;-1.973;14.482;1.973;0.0000000000000000000000000;0.999;-68.159;-0.001;-1.960;14.457;0.0000000000000000000000000;0.999;-66.239
248;-1.975;14.506;1.975;0.0000000000000000000000000;0.999;-82.108;-0.005;-1.923;14.402;0.0000000000000000000000000;0.999;-82.016
249;-1.974;13.436;1.974;0.0000000000000000000000000;1.000;-109.671;-0.008;-1.899;13.285;0.0000000000000000000000000;1.000;-116.249
250;-1.963;13.756;1.963;0.0000000000000000000000000;0.998;-26.870;-0.003;-1.933;13.696;0.0000000000000000000000000;0.998;-25.032
251;-1.861;12.251;1.861;0.0000000000000000000000000;0.999;-58.176;0.005;-1.909;12.347;0.0000000000000000000000000;0.999;-57.079
253;-1.947;13.988;1.947;0.0000000000000000000000000;0.999;-57.347;0.006;-2.000;14.094;0.0000000000000000000000000;0.999;-56.434
254;-1.916;13.569;1.916;0.0000000000000000000000000;0.998;-27.987;-0.004;-1.879;13.495;0.0000000000000000000000000;0.998;-26.238
255;-1.916;13.886;1.916;0.0000000000000000000000000;0.999;-51.140;-0.032;-1.619;13.288;0.0000000000000000000000000;1.000;-99.350
256;-1.801;12.062;1.801;0.0000000000000000000000000;0.996;-8.124;-0.030;-1.523;11.504;0.0000000000000000000000000;0.997;-16.080
257;-1.977;14.546;1.977;0.0000000000000000000000000;0.999;-71.353;-0.014;-1.846;14.282;0.0000000000000000000000000;0.999;-79.811
258;-1.994;14.548;1.994;0.0000000000000000000000000;0.999;-59.041;0.010;-2.089;14.739;0.0000000000000000000000000;0.999;-60.775
259;-1.979;14.475;1.979;0.0000000000000000000000000;0.999;-76.719;-0.005;-1.935;14.388;0.0000000000000000000000000;0.999;-75.894
260;-1.975;15.759;1.975;0.0000000000000000000000000;0.999;-69.404;-0.001;-1.968;15.745;0.0000000000000000000000000;0.999;-67.429
261;-1.915;13.389;1.915;0.0000000000000000000000000;0.999;-78.817;-0.015;-1.774;13.105;0.0000000000000000000000000;1.000;-92.142
262;-1.993;15.076;1.993;0.0000000000000000000000000;0.999;-60.006;0.011;-2.100;15.291;0.0000000000000000000000000;0.999;-62.977
263;-1.898;13.371;1.898;0.0000000000000000000000000;0.999;-48.204;-0.033;-1.585;12.742;0.0000000000000000000000000;1.000;-99.621
264;-1.904;12.727;1.904;0.0000000000000000000000000;0.999;-50.158;-0.020;-1.717;12.351;0.0000000000000000000000000;0.999;-61.195
265;-1.909;12.426;1.909;0.0000000000000000000000000;1.000;-96.261;-0.006;-1.853;12.314;0.0000000000000000000000000;1.000;-97.433
266;-1.862;14.274;1.862;0.0000000000000000000000000;0.999;-50.129;0.018;-2.035;14.623;0.0000000000000000000000000;0.999;-59.121
267;-1.974;14.111;1.974;0.0000000000000000000000000;0.999;-70.467;0.002;-1.992;14.146;0.0000000000000000000000000;0.999;-68.629
268;-1.784;13.074;1.784;0.0000000000000000000000000;0.999;-53.480;0.008;-1.862;13.230;0.0000000000000000000000000;0.999;-53.633
269;-1.962;13.973;1.962;0.0000000000000000000000000;0.999;-79.185;-0.001;-1.948;13.945;0.0000000000000000000000000;0.999;-77.307
270;-1.889;13.362;1.889;0.0000000000000000000000000;1.000;-95.865;0.009;-1.971;13.527;0.0000000000000000000000000;1.000;-101.030
274;-1.951;14.350;1.951;0.0000000000000000000000000;0.998;-39.800;-0.035;-1.624;13.693;0.0000000000000000000000000;0.999;-80.518
275;-1.997;14.686;1.997;0.0000000000000000000000000;0.997;-18.242;0.004;-2.039;14.770;0.0000000000000000000000000;0.997;-16.502
276;-1.952;14.975;1.952;0.0000000000000000000000000;1.000;-102.595;-0.014;-1.821;14.711;0.0000000000000000000000000;1.000;-127.675
277;-1.975;14.060;1.975;0.0000000000000000000000000;0.999;-77.736;0.003;-2.000;14.111;0.0000000000000000000000000;0.999;-76.153
278;-1.978;14.051;1.978;0.0000000000000000000000000;1.000;-99.453;-0.002;-1.962;14.017;0.0000000000000000000000000;1.000;-97.754
279;-1.888;13.514;1.888;0.0000000000000000000000000;0.999;-54.832;-0.025;-1.654;13.045;0.0000000000000000000000000;0.999;-79.334
281;-1.987;14.409;1.987;0.0000000000000000000000000;0.998;-25.038;-0.007;-1.920;14.274;0.0000000000000000000000000;0.998;-23.834
282;-1.807;12.684;1.807;0.0000000000000000000000000;0.997;-23.243;-0.032;-1.503;12.073;0.0000000000000000000000000;0.998;-40.435
283;-1.984;15.030;1.984;0.0000000000000000000000000;0.999;-84.758;-0.001;-1.975;15.011;0.0000000000000000000000000;0.999;-82.823
285;-1.969;13.991;1.969;0.0000000000000000000000000;0.999;-67.944;-0.016;-1.819;13.688;0.0000000000000000000000000;0.999;-78.982
286;-1.957;14.140;1.957;0.0000000000000000000000000;0.999;-57.222;-0.007;-1.890;14.005;0.0000000000000000000000000;0.999;-56.970
288;-1.974;14.082;1.974;0.0000000000000000000000000;0.998;-41.079;0.006;-2.034;14.202;0.0000000000000000000000000;0.998;-39.999
289;-1.942;13.802;1.942;0.0000000000000000000000000;0.998;-42.925;0.005;-1.993;13.904;0.0000000000000000000000000;0.998;-41.621
290;-1.984;14.950;1.984;0.0000000000000000000000000;0.998;-33.746;0.012;-2.095;15.172;0.0000000000000000000000000;0.998;-34.441
291;-1.997;14.339;1.997;0.0000000000000000000000000;0.999;-48.643;0.009;-2.078;14.501;0.0000000000000000000000000;0.999;-48.706
292;-2.003;15.699;2.003;0.0000000000000000000000000;0.999;-65.336;0.011;-2.108;15.912;0.0000000000000000000000000;0.999;-68.885
294;-1.967;13.680;1.967;0.0000000000000000000000000;0.999;-64.234;0.006;-2.022;13.790;0.0000000000000000000000000;0.999;-63.620
295;-1.887;14.596;1.887;0.0000000000000000000000000;0.999;-83.589;0.009;-1.972;14.768;0.0000000000000000000000000;0.999;-87.276
296;-1.922;13.591;1.922;0.0000000000000000000000000;0.997;-22.508;-0.046;-1.491;12.724;0.0000000000000000000000000;0.999;-75.475
297;-1.963;14.732;1.963;0.0000000000000000000000000;0.998;-28.532;0.002;-1.982;14.770;0.0000000000000000000000000;0.998;-26.598
298;-1.979;14.930;1.979;0.0000000000000000000000000;0.999;-46.578;0.003;-2.007;14.986;0.0000000000000000000000000;0.999;-44.802
299;-1.911;15.994;1.911;0.0000000000000000000000000;0.965;84.675;-0.021;-1.713;15.595;0.0000000000000000000000000;0.966;86.203
301;-1.937;15.027;1.937;0.0000000000000000000000000;0.999;-88.064;-0.010;-1.847;14.845;0.0000000000000000000000000;1.000;-93.249
302;-1.985;14.978;1.985;0.0000000000000000000000000;1.000;-93.451;-0.003;-1.953;14.915;0.0000000000000000000000000;1.000;-92.390
305;-1.912;14.813;1.912;0.0000000000000000000000000;0.998;-44.881;-0.033;-1.601;14.188;0.0000000000000000000000000;0.999;-87.483
306;-1.900;13.609;1.900;0.0000000000000000000000000;0.999;-59.667;-0.011;-1.799;13.406;0.0000000000000000000000000;0.999;-62.011
307;-1.948;14.270;1.948;0.0000000000000000000000000;0.999;-71.015;-0.012;-1.833;14.039;0.0000000000000000000000000;0.999;-76.733
308;-1.911;13.661;1.911;0.0000000000000000000000000;0.999;-81.545;-0.009;-1.825;13.488;0.0000000000000000000000000;0.999;-84.961
309;-1.868;13.718;1.868;0.0000000000000000000000000;0.998;-39.166;0.037;-2.220;14.425;0.0000000000000000000000000;1.000;-92.130
310;-1.976;14.560;1.976;0.0000000000000000000000000;0.999;-80.279;0.007;-2.046;14.701;0.0000000000000000000000000;0.999;-81.694
312;-1.978;13.022;1.978;0.0000000000000000000000000;0.999;-85.448;-0.011;-1.870;12.805;0.0000000000000000000000000;1.000;-93.405
313;-1.919;13.408;1.919;0.0000000000000000000000000;0.997;-14.839;-0.022;-1.713;12.995;0.0000000000000000000000000;0.997;-18.993
314;-1.826;12.137;1.826;0.0000000000000000000000000;0.994;10.060;-0.072;-1.149;10.777;0.0000000000000000000000000;0.999;-58.778
315;-1.962;14.199;1.962;0.0000000000000000000000000;0.999;-67.091;-0.010;-1.872;14.017;0.0000000000000000000000000;0.999;-69.235
316;-1.954;14.003;1.954;0.0000000000000000000000000;0.999;-78.404;-0.016;-1.805;13.705;0.0000000000000000000000000;1.000;-93.620
317;-1.824;13.092;1.824;0.0000000000000000000000000;0.997;-19.749;-0.051;-1.346;12.129;0.0000000000000000000000000;1.000;-96.023
318;-1.976;14.548;1.976;0.0000000000000000000000000;0.998;-24.125;-0.003;-1.952;14.499;0.0000000000000000000000000;0.998;-22.226
319;-1.951;14.910;1.951;0.0000000000000000000000000;0.999;-65.200;0.001;-1.956;14.920;0.0000000000000000000000000;0.999;-63.212
320;-1.981;14.499;1.981;0.0000000000000000000000000;0.999;-87.120;-0.002;-1.965;14.467;0.0000000000000000000000000;0.999;-85.319
322;-1.922;15.145;1.922;0.0000000000000000000000000;0.999;-53.064;-0.017;-1.761;14.821;0.0000000000000000000000000;0.999;-61.122
323;-1.796;12.356;1.796;0.0000000000000000000000000;0.997;-22.358;0.018;-1.965;12.694;0.0000000000000000000000000;0.997;-25.237
324;-1.908;14.105;1.908;0.0000000000000000000000000;0.999;-80.759;0.002;-1.927;14.144;0.0000000000000000000000000;0.999;-79.014
325;-1.945;14.903;1.945;0.0000000000000000000000000;0.999;-80.743;-0.004;-1.908;14.829;0.0000000000000000000000000;0.999;-79.664
326;-1.931;15.039;1.931;0.0000000000000000000000000;0.999;-74.734;-0.008;-1.859;14.895;0.0000000000000000000000000;0.999;-75.847
327;-1.937;13.636;1.937;0.0000000000000000000000000;0.999;-61.308;0.010;-2.031;13.824;0.0000000000000000000000000;0.999;-63.183
328;-1.966;15.355;1.966;0.0000000000000000000000000;1.000;-91.644;-0.011;-1.862;15.147;0.0000000000000000000000000;1.000;-100.371
329;-1.982;15.490;1.982;0.0000000000000000000000000;0.999;-72.045;-0.002;-1.965;15.455;0.0000000000000000000000000;0.999;-70.207
330;-1.987;15.241;1.987;0.0000000000000000000000000;1.000;-112.812;-0.002;-1.971;15.208;0.0000000000000000000000000;1.000;-111.202
331;-2.000;15.160;2.000;0.0000000000000000000000000;0.999;-79.765;0.006;-2.054;15.268;0.0000000000000000000000000;0.999;-79.728
333;-1.859;13.458;1.859;0.0000000000000000000000000;0.998;-38.278;-0.019;-1.678;13.095;0.0000000000000000000000000;0.998;-44.937
334;-1.926;14.318;1.926;0.0000000000000000000000000;0.999;-87.055;0.006;-1.987;14.440;0.0000000000000000000000000;0.999;-88.095
336;-1.951;13.171;1.951;0.0000000000000000000000000;1.000;-109.465;-0.003;-1.926;13.119;0.0000000000000000000000000;1.000;-108.361
337;-1.975;14.286;1.975;0.0000000000000000000000000;0.999;-69.634;-0.004;-1.936;14.207;0.0000000000000000000000000;0.999;-68.422
338;-1.966;14.773;1.966;0.0000000000000000000000000;0.999;-86.014;-0.019;-1.789;14.418;0.0000000000000000000000000;1.000;-119.924
339;-1.909;13.140;1.909;0.0000000000000000000000000;0.999;-58.523;0.021;-2.105;13.532;0.0000000000000000000000000;0.999;-75.077
340;-1.848;12.943;1.848;0.0000000000000000000000000;0.998;-29.603;-0.031;-1.561;12.366;0.0000000000000000000000000;0.999;-47.805
342;-1.951;14.129;1.951;0.0000000000000000000000000;0.999;-57.695;0.001;-1.961;14.149;0.0000000000000000000000000;0.999;-55.732
344;-1.975;14.800;1.975;0.0000000000000000000000000;0.999;-74.550;-0.013;-1.851;14.550;0.0000000000000000000000000;0.999;-82.686
345;-1.975;13.938;1.975;0.0000000000000000000000000;0.999;-76.321;0.012;-2.085;14.159;0.0000000000000000000000000;0.999;-82.379
347;-1.982;14.182;1.982;0.0000000000000000000000000;0.999;-58.352;0.012;-2.100;14.418;0.0000000000000000000000000;0.999;-62.140
348;-1.993;13.985;1.993;0.0000000000000000000000000;0.999;-43.487;-0.010;-1.896;13.789;0.0000000000000000000000000;0.999;-44.179
349;-1.740;12.527;1.740;0.0000000000000000000000000;0.996;-8.624;-0.026;-1.490;12.027;0.0000000000000000000000000;0.996;-14.541
351;-2.012;15.648;2.012;0.0000000000000000000000000;0.999;-83.564;0.004;-2.051;15.726;0.0000000000000000000000000;0.999;-82.682
352;-1.989;14.732;1.989;0.0000000000000000000000000;0.999;-51.800;-0.003;-1.962;14.679;0.0000000000000000000000000;0.999;-50.032
353;-1.827;13.141;1.827;0.0000000000000000000000000;0.999;-64.553;0.002;-1.846;13.179;0.0000000000000000000000000;0.999;-62.717
354;-1.932;14.352;1.932;0.0000000000000000000000000;0.999;-72.078;-0.017;-1.775;14.038;0.0000000000000000000000000;0.999;-86.172
355;-1.964;14.196;1.964;0.0000000000000000000000000;0.999;-53.829;-0.007;-1.903;14.072;0.0000000000000000000000000;0.999;-53.170
356;-1.895;13.383;1.895;0.0000000000000000000000000;0.998;-39.928;-0.015;-1.755;13.101;0.0000000000000000000000000;0.998;-43.157
357;-1.913;13.837;1.913;0.0000000000000000000000000;0.998;-26.486;-0.005;-1.864;13.740;0.0000000000000000000000000;0.998;-24.910
358;-1.861;12.205;1.861;0.0000000000000000000000000;0.999;-68.081;-0.016;-1.710;11.901;0.0000000000000000000000000;0.999;-79.250
359;-1.839;13.858;1.839;0.0000000000000000000000000;0.998;-41.730;-0.021;-1.641;13.460;0.0000000000000000000000000;0.999;-51.451
360;-1.989;14.182;1.989;0.0000000000000000000000000;0.999;-84.255;-0.006;-1.933;14.071;0.0000000000000000000000000;0.999;-84.588
361;-1.957;14.161;1.957;0.0000000000000000000000000;0.999;-68.442;-0.008;-1.878;14.000;0.0000000000000000000000000;0.999;-69.761
362;-1.956;14.128;1.956;0.0000000000000000000000000;0.999;-65.208;0.002;-1.978;14.171;0.0000000000000000000000000;0.999;-63.416
363;-1.910;13.770;1.910;0.0000000000000000000000000;0.998;-31.818;-0.019;-1.733;13.415;0.0000000000000000000000000;0.998;-36.751
364;-1.941;13.805;1.941;0.0000000000000000000000000;0.998;-41.059;-0.001;-1.929;13.781;0.0000000000000000000000000;0.998;-39.095
366;-1.958;14.456;1.958;0.0000000000000000000000000;0.999;-45.728;-0.008;-1.883;14.305;0.0000000000000000000000000;0.999;-45.382
367;-1.973;15.028;1.973;0.0000000000000000000000000;1.000;-101.081;-0.006;-1.915;14.911;0.0000000000000000000000000;1.000;-103.014
368;-1.962;14.427;1.962;0.0000000000000000000000000;0.999;-80.193;-0.017;-1.801;14.103;0.0000000000000000000000000;1.000;-100.579
369;-1.945;14.559;1.945;0.0000000000000000000000000;0.999;-88.222;-0.011;-1.838;14.344;0.0000000000000000000000000;1.000;-96.735
370;-1.975;13.688;1.975;0.0000000000000000000000000;1.000;-97.398;-0.013;-1.855;13.446;0.0000000000000000000000000;1.000;-113.697
371;-1.953;14.765;1.953;0.0000000000000000000000000;0.997;-15.128;0.010;-2.052;14.962;0.0000000000000000000000000;0.997;-14.466
372;-1.962;13.368;1.962;0.0000000000000000000000000;0.999;-83.389;0.005;-2.010;13.463;0.0000000000000000000000000;0.999;-83.040
373;-1.976;15.370;1.976;0.0000000000000000000000000;1.000;-94.537;0.004;-2.011;15.439;0.0000000000000000000000000;1.000;-93.658
374;-1.936;13.879;1.936;0.0000000000000000000000000;0.999;-62.769;-0.019;-1.757;13.518;0.0000000000000000000000000;0.999;-77.894
375;-1.979;15.346;1.979;0.0000000000000000000000000;0.999;-65.933;0.012;-2.093;15.574;0.0000000000000000000000000;0.999;-70.490
376;-2.000;14.655;2.000;0.0000000000000000000000000;1.000;-105.958;-0.002;-1.980;14.615;0.0000000000000000000000000;1.000;-104.456
377;-1.920;14.640;1.920;0.0000000000000000000000000;0.998;-40.879;-0.002;-1.901;14.601;0.0000000000000000000000000;0.998;-38.977
378;-1.999;15.297;1.999;0.0000000000000000000000000;0.999;-70.304;0.008;-2.071;15.443;0.0000000000000000000000000;0.999;-71.148
379;-1.946;14.491;1.946;0.0000000000000000000000000;0.998;-38.955;-0.012;-1.832;14.262;0.0000000000000000000000000;0.998;-40.241
382;-1.953;14.270;1.953;0.0000000000000000000000000;0.999;-53.675;-0.020;-1.764;13.892;0.0000000000000000000000000;0.999;-66.380
383;-1.959;14.012;1.959;0.0000000000000000000000000;0.999;-54.728;-0.012;-1.849;13.792;0.0000000000000000000000000;0.999;-57.247
384;-1.905;14.852;1.905;0.0000000000000000000000000;0.999;-50.353;-0.011;-1.799;14.637;0.0000000000000000000000000;0.999;-52.181
385;-1.909;14.203;1.909;0.0000000000000000000000000;0.999;-71.680;0.012;-2.019;14.423;0.0000000000000000000000000;0.999;-76.758
386;-1.951;13.508;1.951;0.0000000000000000000000000;0.998;-26.593;0.010;-2.044;13.694;0.0000000000000000000000000;0.998;-26.160
387;-1.936;14.993;1.936;0.0000000000000000000000000;1.000;-110.416;0.003;-1.960;15.041;0.0000000000000000000000000;1.000;-109.205
388;-1.947;14.447;1.947;0.0000000000000000000000000;0.999;-79.154;-0.002;-1.932;14.416;0.0000000000000000000000000;0.999;-77.310
390;-1.990;14.750;1.990;0.0000000000000000000000000;0.998;-27.248;0.015;-2.133;15.038;0.0000000000000000000000000;0.998;-29.169
392;-1.974;15.130;1.974;0.0000000000000000000000000;0.996;-1.950;0.006;-2.032;15.247;0.0000000000000000000000000;0.996;-0.286
393;-2.001;14.982;2.001;0.0000000000000000000000000;0.999;-52.425;0.003;-2.033;15.046;0.0000000000000000000000000;0.999;-50.769
394;-1.986;14.698;1.986;0.0000000000000000000000000;0.999;-81.059;0.004;-2.027;14.781;0.0000000000000000000000000;0.999;-80.230
395;-1.859;12.230;1.859;0.0000000000000000000000000;0.997;-22.741;-0.035;-1.529;11.567;0.0000000000000000000000000;0.998;-44.163
396;-1.978;14.618;1.978;0.0000000000000000000000000;0.998;-38.955;-0.000;-1.978;14.617;0.0000000000000000000000000;0.998;-36.955
397;-1.956;15.024;1.956;0.0000000000000000000000000;0.999;-64.130;0.008;-2.030;15.173;0.0000000000000000000000000;0.999;-64.678
398;-1.905;13.870;1.905;0.0000000000000000000000000;0.999;-70.905;-0.006;-1.849;13.757;0.0000000000000000000000000;0.999;-70.623
401;-1.843;12.359;1.843;0.0000000000000000000000000;0.997;-26.949;-0.038;-1.482;11.633;0.0000000000000000000000000;0.999;-60.257
402;-1.965;15.475;1.965;0.0000000000000000000000000;0.999;-71.187;-0.002;-1.944;15.433;0.0000000000000000000000000;0.999;-69.431
403;-1.993;13.877;1.993;0.0000000000000000000000000;0.999;-53.283;0.005;-2.035;13.962;0.0000000000000000000000000;0.999;-51.909
404;-1.957;14.746;1.957;0.0000000000000000000000000;0.999;-62.042;0.015;-2.095;15.023;0.0000000000000000000000000;0.999;-69.077
406;-1.917;15.418;1.917;0.0000000000000000000000000;0.999;-67.584;0.007;-1.982;15.549;0.0000000000000000000000000;0.999;-67.701
407;-1.983;15.152;1.983;0.0000000000000000000000000;1.000;-120.839;-0.003;-1.957;15.100;0.0000000000000000000000000;1.000;-120.012
408;-1.949;13.200;1.949;0.0000000000000000000000000;0.999;-57.657;-0.007;-1.887;13.076;0.0000000000000000000000000;0.999;-57.143
409;-1.966;14.228;1.966;0.0000000000000000000000000;0.999;-61.869;-0.002;-1.949;14.194;0.0000000000000000000000000;0.999;-59.990
411;-1.965;15.077;1.965;0.0000000000000000000000000;0.999;-60.643;0.003;-1.994;15.134;0.0000000000000000000000000;0.999;-58.974
412;-1.977;14.125;1.977;0.0000000000000000000000000;1.000;-115.911;-0.008;-1.902;13.975;0.0000000000000000000000000;1.000;-123.846
413;-1.866;12.749;1.866;0.0000000000000000000000000;0.998;-31.096;-0.016;-1.715;12.446;0.0000000000000000000000000;0.998;-33.929
414;-1.942;16.629;1.942;0.0000000000000000000000000;0.999;-58.872;0.013;-2.068;16.882;0.0000000000000000000000000;0.999;-63.657
415;-1.964;14.035;1.964;0.0000000000000000000000000;0.999;-72.731;-0.008;-1.893;13.892;0.0000000000000000000000000;0.999;-73.623
416;-1.946;14.701;1.946;0.0000000000000000000000000;1.000;-95.458;-0.005;-1.903;14.615;0.0000000000000000000000000;1.000;-95.278
417;-1.898;13.372;1.898;0.0000000000000000000000000;0.999;-66.689;-0.016;-1.751;13.075;0.0000000000000000000000000;0.999;-76.729
418;-1.928;14.329;1.928;0.0000000000000000000000000;0.997;-12.510;0.020;-2.114;14.702;0.0000000000000000000000000;0.997;-15.178
419;-1.998;15.328;1.998;0.0000000000000000000000000;0.998;-29.014;0.002;-2.015;15.361;0.0000000000000000000000000;0.998;-27.068
420;-1.911;13.619;1.911;0.0000000000000000000000000;0.998;-43.479;-0.002;-1.890;13.576;0.0000000000000000000000000;0.998;-41.602
422;-1.974;15.162;1.974;0.0000000000000000000000000;0.998;-39.623;0.014;-2.103;15.420;0.0000000000000000000000000;0.999;-41.927
424;-1.961;15.034;1.961;0.0000000000000000000000000;0.999;-51.715;-0.003;-1.928;14.969;0.0000000000000000000000000;0.999;-50.065
425;-1.950;12.824;1.950;0.0000000000000000000000000;0.999;-63.144;-0.013;-1.832;12.586;0.0000000000000000000000000;0.999;-67.809
426;-1.943;14.435;1.943;0.0000000000000000000000000;1.000;-108.948;0.003;-1.970;14.490;0.0000000000000000000000000;1.000;-107.983
427;-1.972;14.687;1.972;0.0000000000000000000000000;1.000;-98.846;-0.004;-1.938;14.620;0.0000000000000000000000000;1.000;-98.030
429;-1.991;15.460;1.991;0.0000000000000000000000000;0.997;-9.008;-0.001;-1.979;15.437;0.0000000000000000000000000;0.997;-7.024
430;-1.986;14.885;1.986;0.0000000000000000000000000;0.999;-56.984;-0.012;-1.875;14.662;0.0000000000000000000000000;0.999;-59.897
431;-1.942;13.478;1.942;0.0000000000000000000000000;0.998;-36.326;-0.006;-1.885;13.363;0.0000000000000000000000000;0.998;-35.070
432;-1.937;14.370;1.937;0.0000000000000000000000000;0.999;-49.829;-0.022;-1.728;13.950;0.0000000000000000000000000;0.999;-64.773
433;-1.873;13.944;1.873;0.0000000000000000000000000;0.999;-56.624;-0.007;-1.810;13.817;0.0000000000000000000000000;0.999;-56.136
435;-1.967;13.439;1.967;0.0000000000000000000000000;0.998;-28.786;-0.002;-1.953;13.411;0.0000000000000000000000000;0.998;-26.825
436;-1.930;13.545;1.930;0.0000000000000000000000000;0.999;-84.902;-0.011;-1.824;13.332;0.0000000000000000000000000;1.000;-92.316
437;-1.934;15.379;1.934;0.0000000000000000000000000;0.999;-60.301;-0.024;-1.706;14.919;0.0000000000000000000000000;1.000;-88.606
438;-1.996;14.547;1.996;0.0000000000000000000000000;0.999;-75.314;-0.001;-1.982;14.519;0.0000000000000000000000000;0.999;-73.428
439;-1.983;14.929;1.983;0.0000000000000000000000000;0.999;-82.012;0.008;-2.063;15.088;0.0000000000000000000000000;0.999;-84.648
440;-1.976;15.195;1.976;0.0000000000000000000000000;0.999;-76.378;0.008;-2.050;15.344;0.0000000000000000000000000;0.999;-77.857
441;-1.941;15.284;1.941;0.0000000000000000000000000;0.999;-88.911;-0.004;-1.903;15.207;0.0000000000000000000000000;1.000;-88.137
442;-1.853;14.044;1.853;0.0000000000000000000000000;0.998;-45.142;-0.029;-1.581;13.496;0.0000000000000000000000000;0.999;-72.492
444;-1.999;15.542;1.999;0.0000000000000000000000000;0.998;-35.137;0.013;-2.118;15.781;0.0000000000000000000000000;0.998;-36.383
445;-1.970;15.297;1.970;0.0000000000000000000000000;0.999;-82.580;-0.001;-1.965;15.287;0.0000000000000000000000000;0.999;-80.598
446;-1.833;12.300;1.833;0.0000000000000000000000000;0.998;-37.823;0.025;-2.068;12.772;0.0000000000000000000000000;0.999;-51.509
447;-1.925;14.413;1.925;0.0000000000000000000000000;0.999;-77.387;-0.018;-1.755;14.071;0.0000000000000000000000000;1.000;-98.986
449;-1.952;14.329;1.952;0.0000000000000000000000000;1.000;-101.855;-0.004;-1.918;14.261;0.0000000000000000000000000;1.000;-101.171
450;-1.956;14.821;1.956;0.0000000000000000000000000;0.999;-82.574;0.005;-2.008;14.924;0.0000000000000000000000000;0.999;-82.494
452;-1.925;13.456;1.925;0.0000000000000000000000000;0.998;-43.292;-0.025;-1.690;12.983;0.0000000000000000000000000;0.999;-59.902
453;-1.949;12.944;1.949;0.0000000000000000000000000;0.999;-65.653;-0.018;-1.777;12.598;0.0000000000000000000000000;0.999;-80.568
454;-1.824;13.290;1.824;0.0000000000000000000000000;0.999;-62.703;0.019;-1.998;13.640;0.0000000000000000000000000;0.999;-76.603
455;-1.861;12.614;1.861;0.0000000000000000000000000;0.997;-26.114;-0.039;-1.491;11.870;0.0000000000000000000000000;0.999;-61.049
456;-1.960;14.339;1.960;0.0000000000000000000000000;0.999;-55.460;-0.010;-1.863;14.146;0.0000000000000000000000000;0.999;-56.981
457;-1.902;13.154;1.902;0.0000000000000000000000000;0.999;-74.901;-0.018;-1.735;12.820;0.0000000000000000000000000;1.000;-93.409
458;-1.928;14.333;1.928;0.0000000000000000000000000;0.999;-87.050;-0.017;-1.767;14.009;0.0000000000000000000000000;1.000;-113.330
460;-1.891;12.792;1.891;0.0000000000000000000000000;0.998;-45.378;-0.027;-1.637;12.281;0.0000000000000000000000000;0.999;-67.766
461;-1.978;14.449;1.978;0.0000000000000000000000000;0.999;-45.221;0.003;-2.005;14.504;0.0000000000000000000000000;0.999;-43.431
462;-1.914;12.913;1.914;0.0000000000000000000000000;0.999;-86.734;0.005;-1.960;13.005;0.0000000000000000000000000;0.999;-86.366
463;-1.970;15.091;1.970;0.0000000000000000000000000;0.999;-75.080;-0.005;-1.923;14.996;0.0000000000000000000000000;0.999;-74.402
464;-1.962;13.658;1.962;0.0000000000000000000000000;0.998;-29.549;-0.024;-1.732;13.197;0.0000000000000000000000000;0.998;-39.242
465;-1.964;15.729;1.964;0.0000000000000000000000000;1.000;-91.690;-0.005;-1.921;15.644;0.0000000000000000000000000;1.000;-91.306
466;-1.966;14.603;1.966;0.0000000000000000000000000;0.999;-82.592;-0.015;-1.827;14.322;0.0000000000000000000000000;1.000;-97.279
467;-1.964;13.874;1.964;0.0000000000000000000000000;0.999;-83.339;-0.013;-1.841;13.626;0.0000000000000000000000000;1.000;-93.958
468;-1.970;14.559;1.970;0.0000000000000000000000000;0.999;-57.407;-0.010;-1.872;14.364;0.0000000000000000000000000;0.999;-59.196
469;-1.988;15.790;1.988;0.0000000000000000000000000;1.000;-91.743;-0.003;-1.963;15.738;0.0000000000000000000000000;1.000;-90.339
470;-1.959;14.126;1.959;0.0000000000000000000000000;1.000;-90.517;-0.010;-1.860;13.929;0.0000000000000000000000000;1.000;-97.773
471;-1.963;13.779;1.963;0.0000000000000000000000000;0.999;-43.981;-0.002;-1.943;13.739;0.0000000000000000000000000;0.999;-42.091
472;-1.933;14.613;1.933;0.0000000000000000000000000;0.999;-51.832;-0.010;-1.841;14.429;0.0000000000000000000000000;0.999;-52.718
473;-1.990;15.448;1.990;0.0000000000000000000000000;0.999;-52.928;0.013;-2.113;15.696;0.0000000000000000000000000;0.999;-56.474
474;-1.894;14.467;1.894;0.0000000000000000000000000;0.999;-74.512;0.007;-1.957;14.594;0.0000000000000000000000000;0.999;-74.905
475;-1.980;14.494;1.980;0.0000000000000000000000000;0.999;-71.489;0.000;-1.985;14.503;0.0000000000000000000000000;0.999;-69.500
476;-1.909;13.101;1.909;0.0000000000000000000000000;0.998;-26.533;-0.026;-1.662;12.604;0.0000000000000000000000000;0.998;-37.303
477;-1.984;14.625;1.984;0.0000000000000000000000000;0.999;-63.699;0.015;-2.130;14.917;0.0000000000000000000000000;0.999;-72.387
479;-1.966;14.986;1.966;0.0000000000000000000000000;0.999;-68.668;0.004;-2.005;15.063;0.0000000000000000000000000;0.999;-67.421
480;-1.948;15.141;1.948;0.0000000000000000000000000;0.999;-69.091;-0.022;-1.742;14.728;0.0000000000000000000000000;1.000;-97.445
481;-1.927;14.305;1.927;0.0000000000000000000000000;0.999;-48.698;0.002;-1.942;14.334;0.0000000000000000000000000;0.999;-46.762
482;-1.974;14.123;1.974;0.0000000000000000000000000;0.999;-75.901;0.006;-2.029;14.235;0.0000000000000000000000000;0.999;-75.771
483;-1.973;13.852;1.973;0.0000000000000000000000000;0.999;-83.760;0.007;-2.037;13.980;0.0000000000000000000000000;0.999;-84.830
484;-1.972;13.766;1.972;0.0000000000000000000000000;0.998;-33.702;-0.004;-1.932;13.687;0.0000000000000000000000000;0.998;-32.040
485;-1.980;14.869;1.980;0.0000000000000000000000000;0.997;-15.447;0.013;-2.105;15.119;0.0000000000000000000000000;0.997;-15.624
486;-1.959;14.550;1.959;0.0000000000000000000000000;0.999;-68.583;-0.010;-1.868;14.366;0.0000000000000000000000000;0.999;-71.009
487;-2.002;14.767;2.002;0.0000000000000000000000000;1.000;-98.006;-0.001;-1.996;14.755;0.0000000000000000000000000;1.000;-96.044
489;-1.945;13.484;1.945;0.0000000000000000000000000;1.000;-96.115;-0.013;-1.819;13.229;0.0000000000000000000000000;1.000;-114.029
490;-1.964;14.127;1.964;0.0000000000000000000000000;0.999;-46.333;-0.009;-1.880;13.958;0.0000000000000000000000000;0.999;-46.440
491;-1.890;13.348;1.890;0.0000000000000000000000000;0.999;-63.710;-0.015;-1.752;13.071;0.0000000000000000000000000;0.999;-71.114
492;-1.937;14.045;1.937;0.0000000000000000000000000;0.999;-83.664;-0.003;-1.908;13.987;0.0000000000000000000000000;0.999;-82.282
493;-1.995;16.165;1.995;0.0000000000000000000000000;1.000;-115.367;0.002;-2.012;16.200;0.0000000000000000000000000;1.000;-113.850
494;-1.958;15.085;1.958;0.0000000000000000000000000;1.000;-107.086;0.000;-1.961;15.092;0.0000000000000000000000000;1.000;-105.102
495;-1.962;14.898;1.962;0.0000000000000000000000000;0.999;-71.721;-0.005;-1.913;14.799;0.0000000000000000000000000;0.999;-71.053
496;-1.894;13.554;1.894;0.0000000000000000000000000;0.998;-30.333;-0.037;-1.543;12.847;0.0000000000000000000000000;0.999;-65.269
497;-2.005;15.486;2.005;0.0000000000000000000000000;0.999;-85.512;-0.003;-1.976;15.429;0.0000000000000000000000000;0.999;-84.139
498;-1.922;14.820;1.922;0.0000000000000000000000000;0.999;-52.047;0.006;-1.974;14.925;0.0000000000000000000000000;0.999;-50.968
499;-1.967;13.448;1.967;0.0000000000000000000000000;0.999;-69.351;-0.002;-1.952;13.418;0.0000000000000000000000000;0.999;-67.469
501;-1.898;13.758;1.898;0.0000000000000000000000000;0.999;-74.930;0.010;-1.989;13.941;0.0000000000000000000000000;0.999;-78.070
502;-1.852;14.092;1.852;0.0000000000000000000000000;0.994;10.055;-0.033;-1.541;13.467;0.0000000000000000000000000;0.995;4.260
503;-1.875;13.438;1.875;0.0000000000000000000000000;0.999;-54.317;-0.019;-1.699;13.084;0.0000000000000000000000000;0.999;-65.113
504;-1.965;13.968;1.965;0.0000000000000000000000000;1.000;-112.390;0.001;-1.973;13.983;0.0000000000000000000000000;1.000;-110.468
505;-2.004;16.544;2.004;0.0000000000000000000000000;1.000;-161.316;-0.002;-1.987;16.509;0.0000000000000000000000000;1.000;-160.804
506;-1.977;14.390;1.977;0.0000000000000000000000000;0.999;-51.956;0.002;-1.996;14.428;0.0000000000000000000000000;0.999;-50.077
507;-1.873;12.923;1.873;0.0000000000000000000000000;0.997;-23.189;-0.037;-1.528;12.229;0.0000000000000000000000000;0.999;-48.137
509;-1.997;14.290;1.997;0.0000000000000000000000000;0.998;-30.581;0.004;-2.030;14.356;0.0000000000000000000000000;0.998;-28.798
510;-1.970;14.936;1.970;0.0000000000000000000000000;0.999;-67.254;-0.006;-1.912;14.821;0.0000000000000000000000000;0.999;-66.885
511;-1.944;14.063;1.944;0.0000000000000000000000000;1.000;-106.185;0.001;-1.952;14.079;0.0000000000000000000000000;1.000;-104.267
512;-2.008;14.342;2.008;0.0000000000000000000000000;0.999;-51.521;0.009;-2.095;14.516;0.0000000000000000000000000;0.999;-52.083
513;-1.962;15.327;1.962;0.0000000000000000000000000;0.998;-40.684;-0.002;-1.948;15.297;0.0000000000000000000000000;0.998;-38.739
515;-1.972;14.849;1.972;0.0000000000000000000000000;1.000;-94.828;-0.003;-1.947;14.797;0.0000000000000000000000000;1.000;-93.459
516;-1.999;14.855;1.999;0.0000000000000000000000000;0.999;-47.969;0.012;-2.112;15.082;0.0000000000000000000000000;0.999;-50.036
517;-1.954;14.753;1.954;0.0000000000000000000000000;0.998;-42.034;0.000;-1.954;14.753;0.0000000000000000000000000;0.998;-40.034
518;-1.987;15.163;1.987;0.0000000000000000000000000;0.998;-32.461;0.000;-1.991;15.170;0.0000000000000000000000000;0.998;-30.464
519;-1.946;14.168;1.946;0.0000000000000000000000000;0.999;-72.297;-0.006;-1.891;14.058;0.0000000000000000000000000;0.999;-71.960
520;-2.007;16.368;2.007;0.0000000000000000000000000;0.990;35.969;0.008;-2.081;16.517;0.0000000000000000000000000;0.990;37.751
521;-1.885;14.251;1.885;0.0000000000000000000000000;0.999;-79.392;0.005;-1.934;14.351;0.0000000000000000000000000;0.999;-79.014
522;-1.801;11.781;1.801;0.0000000000000000000000000;0.997;-21.390;-0.047;-1.358;10.890;0.0000000000000000000000000;0.999;-77.692
524;-1.946;13.999;1.946;0.0000000000000000000000000;0.999;-52.685;-0.025;-1.707;13.518;0.0000000000000000000000000;0.999;-77.175
525;-1.995;15.186;1.995;0.0000000000000000000000000;1.000;-87.394;0.001;-2.002;15.200;0.0000000000000000000000000;1.000;-85.434
526;-1.866;13.717;1.866;0.0000000000000000000000000;1.000;-97.064;0.008;-1.944;13.874;0.0000000000000000000000000;1.000;-101.696
527;-1.890;13.198;1.890;0.0000000000000000000000000;0.999;-54.364;-0.030;-1.607;12.631;0.0000000000000000000000000;1.000;-100.153
528;-1.910;14.114;1.910;0.0000000000000000000000000;0.999;-61.974;0.019;-2.091;14.479;0.0000000000000000000000000;0.999;-77.130
529;-1.924;14.424;1.924;0.0000000000000000000000000;0.999;-49.738;-0.022;-1.719;14.011;0.0000000000000000000000000;0.999;-63.886
530;-1.900;14.232;1.900;0.0000000000000000000000000;0.998;-37.698;-0.030;-1.614;13.656;0.0000000000000000000000000;0.999;-61.954
531;-1.928;15.403;1.928;0.0000000000000000000000000;0.999;-74.880;-0.003;-1.898;15.344;0.0000000000000000000000000;0.999;-73.383
532;-1.989;14.758;1.989;0.0000000000000000000000000;1.000;-94.640;-0.010;-1.898;14.576;0.0000000000000000000000000;1.000;-101.243
533;-1.952;15.698;1.952;0.0000000000000000000000000;1.000;-99.348;-0.006;-1.893;15.579;0.0000000000000000000000000;1.000;-101.261
534;-1.954;15.483;1.954;0.0000000000000000000000000;0.999;-64.296;-0.026;-1.714;15.001;0.0000000000000000000000000;1.000;-103.610
535;-1.948;13.753;1.948;0.0000000000000000000000000;0.999;-44.179;0.023;-2.163;14.185;0.0000000000000000000000000;0.999;-57.412
536;-1.948;14.080;1.948;0.0000000000000000000000000;1.000;-100.335;-0.006;-1.891;13.966;0.0000000000000000000000000;1.000;-101.995
537;-1.965;14.033;1.965;0.0000000000000000000000000;0.999;-68.017;-0.006;-1.911;13.923;0.0000000000000000000000000;0.999;-67.531
538;-1.900;13.617;1.900;0.0000000000000000000000000;0.999;-63.252;-0.017;-1.745;13.304;0.0000000000000000000000000;0.999;-73.545
539;-1.974;15.488;1.974;0.0000000000000000000000000;0.999;-73.191;-0.003;-1.941;15.423;0.0000000000000000000000000;0.999;-71.781
540;-1.964;14.337;1.964;0.0000000000000000000000000;0.999;-54.853;0.009;-2.047;14.506;0.0000000000000000000000000;0.999;-55.446
541;-1.973;14.821;1.973;0.0000000000000000000000000;1.000;-93.119;0.000;-1.977;14.828;0.0000000000000000000000000;1.000;-91.131
543;-1.969;14.718;1.969;0.0000000000000000000000000;0.996;-6.991;0.003;-1.993;14.768;0.0000000000000000000000000;0.996;-5.060
544;-1.893;13.785;1.893;0.0000000000000000000000000;0.999;-79.439;0.002;-1.913;13.824;0.0000000000000000000000000;0.999;-77.685
545;-1.947;12.705;1.947;0.0000000000000000000000000;0.999;-70.623;0.008;-2.023;12.859;0.0000000000000000000000000;0.999;-71.835
546;-1.990;16.024;1.990;0.0000000000000000000000000;0.998;-25.386;-0.005;-1.944;15.933;0.0000000000000000000000000;0.998;-23.746
547;-1.991;15.331;1.991;0.0000000000000000000000000;0.999;-44.834;0.009;-2.075;15.499;0.0000000000000000000000000;0.999;-44.836
548;-1.972;14.196;1.972;0.0000000000000000000000000;0.999;-67.465;-0.014;-1.839;13.929;0.0000000000000000000000000;0.999;-75.166
549;-1.918;14.113;1.918;0.0000000000000000000000000;0.999;-79.545;-0.007;-1.849;13.976;0.0000000000000000000000000;0.999;-80.714
551;-1.942;14.212;1.942;0.0000000000000000000000000;0.999;-59.920;-0.013;-1.824;13.973;0.0000000000000000000000000;0.999;-64.067
552;-1.943;14.343;1.943;0.0000000000000000000000000;0.999;-82.938;-0.005;-1.899;14.254;0.0000000000000000000000000;0.999;-82.352
553;-1.986;15.379;1.986;0.0000000000000000000000000;0.999;-47.142;-0.003;-1.953;15.314;0.0000000000000000000000000;0.999;-45.457
554;-1.946;16.242;1.946;0.0000000000000000000000000;0.989;39.593;-0.014;-1.819;15.986;0.0000000000000000000000000;0.989;41.006
555;-1.991;14.780;1.991;0.0000000000000000000000000;1.000;-93.861;-0.000;-1.991;14.779;0.0000000000000000000000000;1.000;-91.862
556;-1.955;14.285;1.955;0.0000000000000000000000000;0.999;-55.990;0.021;-2.151;14.678;0.0000000000000000000000000;0.999;-71.345
557;-1.912;14.170;1.912;0.0000000000000000000000000;0.999;-48.423;-0.003;-1.887;14.119;0.0000000000000000000000000;0.999;-46.620
558;-1.954;13.420;1.954;0.0000000000000000000000000;0.999;-53.408;-0.009;-1.867;13.245;0.0000000000000000000000000;0.999;-54.128
559;-1.909;14.380;1.909;0.0000000000000000000000000;0.999;-67.728;-0.019;-1.727;14.015;0.0000000000000000000000000;0.999;-86.200
560;-1.927;13.363;1.927;0.0000000000000000000000000;0.999;-49.236;-0.030;-1.649;12.805;0.0000000000000000000000000;0.999;-83.631
561;-1.960;14.620;1.960;0.0000000000000000000000000;0.999;-83.086;-0.002;-1.943;14.586;0.0000000000000000000000000;0.999;-81.300
562;-1.940;15.118;1.940;0.0000000000000000000000000;0.999;-64.579;-0.004;-1.901;15.040;0.0000000000000000000000000;0.999;-63.269
563;-2.004;15.390;2.004;0.0000000000000000000000000;0.999;-53.785;0.012;-2.113;15.609;0.0000000000000000000000000;0.999;-56.182
564;-1.892;12.604;1.892;0.0000000000000000000000000;0.998;-38.840;-0.024;-1.664;12.147;0.0000000000000000000000000;0.999;-51.852
565;-1.773;12.488;1.773;0.0000000000000000000000000;0.998;-34.811;-0.032;-1.477;11.892;0.0000000000000000000000000;0.999;-58.917
566;-1.906;13.332;1.906;0.0000000000000000000000000;0.998;-44.378;0.009;-1.993;13.507;0.0000000000000000000000000;0.999;-44.525
567;-1.977;14.855;1.977;0.0000000000000000000000000;0.998;-41.187;-0.005;-1.926;14.753;0.0000000000000000000000000;0.998;-39.852
568;-1.978;14.047;1.978;0.0000000000000000000000000;0.998;-34.050;-0.008;-1.903;13.896;0.0000000000000000000000000;0.998;-33.289
570;-1.990;16.214;1.990;0.0000000000000000000000000;0.999;-65.671;0.008;-2.065;16.365;0.0000000000000000000000000;0.999;-66.384
571;-1.872;14.033;1.872;0.0000000000000000000000000;0.999;-53.794;-0.019;-1.692;13.672;0.0000000000000000000000000;0.999;-64.966
572;-1.965;14.836;1.965;0.0000000000000000000000000;0.999;-44.857;-0.006;-1.912;14.729;0.0000000000000000000000000;0.999;-43.658
573;-1.964;14.356;1.964;0.0000000000000000000000000;0.999;-76.834;0.004;-2.003;14.435;0.0000000000000000000000000;0.999;-75.790
574;-1.902;14.639;1.902;0.0000000000000000000000000;0.999;-50.233;-0.003;-1.875;14.585;0.0000000000000000000000000;0.999;-48.470
575;-1.933;13.928;1.933;0.0000000000000000000000000;0.999;-65.728;-0.020;-1.740;13.540;0.0000000000000000000000000;0.999;-86.254
576;-1.974;15.311;1.974;0.0000000000000000000000000;1.000;-96.230;0.001;-1.981;15.324;0.0000000000000000000000000;1.000;-94.275
577;-1.983;14.414;1.983;0.0000000000000000000000000;1.000;-93.887;-0.000;-1.982;14.411;0.0000000000000000000000000;1.000;-91.889
578;-1.917;13.620;1.917;0.0000000000000000000000000;0.999;-56.378;-0.023;-1.700;13.185;0.0000000000000000000000000;0.999;-77.095
579;-1.863;12.409;1.863;0.0000000000000000000000000;0.998;-34.801;-0.039;-1.499;11.677;0.0000000000000000000000000;0.999;-83.683
580;-1.889;14.333;1.889;0.0000000000000000000000000;0.999;-46.959;0.022;-2.096;14.750;0.0000000000000000000000000;0.999;-60.180
581;-1.824;12.527;1.824;0.0000000000000000000000000;0.996;-7.350;-0.056;-1.296;11.466;0.0000000000000000000000000;0.999;-64.684
582;-1.984;14.764;1.984;0.0000000000000000000000000;1.000;-110.747;0.005;-2.034;14.864;0.0000000000000000000000000;1.000;-112.350
583;-1.888;12.156;1.888;0.0000000000000000000000000;0.999;-74.029;-0.015;-1.751;11.880;0.0000000000000000000000000;0.999;-84.505
584;-1.992;14.528;1.992;0.0000000000000000000000000;1.000;-99.644;-0.008;-1.918;14.378;0.0000000000000000000000000;1.000;-104.079
585;-1.882;13.368;1.882;0.0000000000000000000000000;0.999;-48.242;-0.027;-1.627;12.854;0.0000000000000000000000000;0.999;-73.543
586;-1.869;10.942;1.869;0.0000000000000000000000000;0.998;-44.793;-0.021;-1.671;10.544;0.0000000000000000000000000;0.999;-55.571
589;-1.994;13.566;1.994;0.0000000000000000000000000;0.999;-60.799;-0.020;-1.804;13.184;0.0000000000000000000000000;0.999;-77.419
590;-1.953;14.023;1.953;0.0000000000000000000000000;0.999;-78.900;-0.004;-1.915;13.945;0.0000000000000000000000000;0.999;-77.877
591;-1.946;14.487;1.946;0.0000000000000000000000000;0.999;-62.394;-0.013;-1.821;14.236;0.0000000000000000000000000;0.999;-67.770
592;-1.967;15.527;1.967;0.0000000000000000000000000;0.995;9.212;0.007;-2.032;15.657;0.0000000000000000000000000;0.995;10.898
593;-1.772;12.405;1.772;0.0000000000000000000000000;0.993;11.437;-0.073;-1.085;11.025;0.0000000000000000000000000;0.999;-56.571
594;-1.998;13.998;1.998;0.0000000000000000000000000;0.999;-68.133;-0.006;-1.941;13.884;0.0000000000000000000000000;0.999;-67.759
595;-1.933;12.911;1.933;0.0000000000000000000000000;0.999;-63.307;-0.014;-1.799;12.642;0.0000000000000000000000000;0.999;-70.049
596;-1.952;13.741;1.952;0.0000000000000000000000000;0.999;-62.111;-0.017;-1.796;13.427;0.0000000000000000000000000;0.999;-72.165
597;-1.894;14.113;1.894;0.0000000000000000000000000;0.997;-14.182;-0.041;-1.512;13.345;0.0000000000000000000000000;0.998;-38.555
598;-1.949;14.695;1.949;0.0000000000000000000000000;1.000;-94.016;-0.004;-1.912;14.621;0.0000000000000000000000000;1.000;-93.309
599;-1.943;14.897;1.943;0.0000000000000000000000000;0.999;-62.674;-0.017;-1.780;14.569;0.0000000000000000000000000;0.999;-74.245
600;-1.908;13.341;1.908;0.0000000000000000000000000;0.999;-88.366;0.002;-1.925;13.375;0.0000000000000000000000000;0.999;-86.596
601;-1.974;14.366;1.974;0.0000000000000000000000000;0.999;-50.780;0.016;-2.123;14.665;0.0000000000000000000000000;0.999;-56.712
602;-1.954;13.648;1.954;0.0000000000000000000000000;0.999;-72.807;-0.014;-1.822;13.383;0.0000000000000000000000000;0.999;-81.778
603;-1.959;14.709;1.959;0.0000000000000000000000000;1.000;-100.114;0.005;-2.005;14.801;0.0000000000000000000000000;1.000;-100.449
605;-1.861;12.270;1.861;0.0000000000000000000000000;0.997;-15.497;-0.039;-1.492;11.529;0.0000000000000000000000000;0.998;-38.425
606;-1.993;15.715;1.993;0.0000000000000000000000000;1.000;-97.161;0.004;-2.035;15.800;0.0000000000000000000000000;1.000;-96.982
607;-1.953;15.359;1.953;0.0000000000000000000000000;0.999;-65.235;-0.015;-1.816;15.084;0.0000000000000000000000000;0.999;-72.981
608;-1.835;12.419;1.835;0.0000000000000000000000000;0.997;-20.607;-0.031;-1.546;11.837;0.0000000000000000000000000;0.998;-34.316
610;-1.972;15.090;1.972;0.0000000000000000000000000;0.999;-55.804;0.008;-2.046;15.237;0.0000000000000000000000000;0.999;-55.826
611;-1.990;16.075;1.990;0.0000000000000000000000000;0.998;-24.407;-0.005;-1.946;15.988;0.0000000000000000000000000;0.998;-22.729
613;-1.940;13.676;1.940;0.0000000000000000000000000;0.999;-88.052;-0.009;-1.859;13.512;0.0000000000000000000000000;1.000;-91.757
614;-1.925;14.505;1.925;0.0000000000000000000000000;0.999;-70.381;-0.020;-1.740;14.132;0.0000000000000000000000000;1.000;-92.086
615;-1.964;15.198;1.964;0.0000000000000000000000000;1.000;-107.161;0.002;-1.981;15.233;0.0000000000000000000000000;1.000;-105.551
616;-1.924;13.586;1.924;0.0000000000000000000000000;0.999;-62.696;-0.018;-1.754;13.243;0.0000000000000000000000000;0.999;-75.813
617;-1.931;13.577;1.931;0.0000000000000000000000000;0.999;-80.862;-0.012;-1.821;13.356;0.0000000000000000000000000;0.999;-87.965
618;-1.921;13.480;1.921;0.0000000000000000000000000;0.999;-59.659;-0.023;-1.709;13.053;0.0000000000000000000000000;0.999;-81.647
620;-1.996;13.986;1.996;0.0000000000000000000000000;0.999;-57.276;-0.000;-1.993;13.979;0.0000000000000000000000000;0.999;-55.280
621;-2.001;15.275;2.001;0.0000000000000000000000000;0.999;-75.392;0.010;-2.098;15.471;0.0000000000000000000000000;0.999;-79.388
622;-1.926;13.704;1.926;0.0000000000000000000000000;1.000;-96.943;0.005;-1.976;13.806;0.0000000000000000000000000;1.000;-97.594
623;-1.980;14.465;1.980;0.0000000000000000000000000;1.000;-99.525;-0.012;-1.870;14.244;0.0000000000000000000000000;1.000;-112.990
624;-1.924;13.538;1.924;0.0000000000000000000000000;0.999;-58.653;-0.016;-1.775;13.237;0.0000000000000000000000000;0.999;-66.556
625;-1.987;15.628;1.987;0.0000000000000000000000000;0.999;-76.764;0.002;-2.007;15.668;0.0000000000000000000000000;0.999;-75.008
626;-1.941;14.041;1.941;0.0000000000000000000000000;0.999;-77.476;-0.006;-1.881;13.922;0.0000000000000000000000000;0.999;-77.721
627;-1.965;14.377;1.965;0.0000000000000000000000000;0.999;-58.938;-0.003;-1.936;14.321;0.0000000000000000000000000;0.999;-57.255
628;-1.998;13.793;1.998;0.0000000000000000000000000;0.993;20.064;0.013;-2.119;14.034;0.0000000000000000000000000;0.993;21.224
629;-1.980;14.139;1.980;0.0000000000000000000000000;0.998;-38.479;0.005;-2.023;14.227;0.0000000000000000000000000;0.998;-36.945
630;-1.985;15.355;1.985;0.0000000000000000000000000;0.996;-7.492;0.008;-2.063;15.512;0.0000000000000000000000000;0.997;-6.182
631;-1.904;13.328;1.904;0.0000000000000000000000000;0.999;-50.596;-0.026;-1.656;12.830;0.0000000000000000000000000;0.999;-75.674
632;-1.972;14.866;1.972;0.0000000000000000000000000;1.000;-104.735;0.013;-2.091;15.105;0.0000000000000000000000000;1.000;-125.007
633;-1.871;14.924;1.871;0.0000000000000000000000000;0.998;-40.553;-0.015;-1.731;14.643;0.0000000000000000000000000;0.998;-43.851
635;-1.962;14.046;1.962;0.0000000000000000000000000;0.999;-83.772;0.006;-2.016;14.154;0.0000000000000000000000000;0.999;-83.921
637;-1.921;15.180;1.921;0.0000000000000000000000000;0.999;-70.606;0.019;-2.103;15.547;0.0000000000000000000000000;1.000;-91.477
639;-1.916;14.023;1.916;0.0000000000000000000000000;1.000;-98.417;0.005;-1.968;14.126;0.0000000000000000000000000;1.000;-99.234
640;-1.843;12.772;1.843;0.0000000000000000000000000;0.999;-59.794;-0.021;-1.647;12.378;0.0000000000000000000000000;0.999;-77.272
641;-1.883;13.688;1.883;0.0000000000000000000000000;0.999;-62.285;-0.003;-1.850;13.623;0.0000000000000000000000000;0.999;-60.749
642;-1.875;12.606;1.875;0.0000000000000000000000000;0.998;-37.803;-0.028;-1.608;12.070;0.0000000000000000000000000;0.999;-57.407
643;-1.971;15.229;1.971;0.0000000000000000000000000;0.999;-67.594;-0.007;-1.904;15.095;0.0000000000000000000000000;0.999;-67.852
644;-1.883;13.738;1.883;0.0000000000000000000000000;0.999;-55.665;0.027;-2.134;14.242;0.0000000000000000000000000;0.999;-87.485
645;-1.972;13.775;1.972;0.0000000000000000000000000;0.999;-87.624;-0.009;-1.886;13.603;0.0000000000000000000000000;1.000;-91.891
646;-1.916;14.109;1.916;0.0000000000000000000000000;0.998;-35.051;-0.038;-1.558;13.389;0.0000000000000000000000000;0.999;-81.263
647;-1.958;14.649;1.958;0.0000000000000000000000000;0.998;-32.772;-0.023;-1.745;14.221;0.0000000000000000000000000;0.998;-41.581
648;-1.964;15.041;1.964;0.0000000000000000000000000;0.999;-57.856;-0.009;-1.879;14.872;0.0000000000000000000000000;0.999;-58.704
650;-1.908;13.251;1.908;0.0000000000000000000000000;0.999;-48.908;-0.025;-1.672;12.776;0.0000000000000000000000000;0.999;-69.345
651;-1.931;13.827;1.931;0.0000000000000000000000000;0.995;0.460;0.019;-2.106;14.179;0.0000000000000000000000000;0.996;-0.492
654;-1.938;13.054;1.938;0.0000000000000000000000000;1.000;-116.203;-0.005;-1.890;12.959;0.0000000000000000000000000;1.000;-117.962
655;-1.849;14.167;1.849;0.0000000000000000000000000;0.999;-55.547;-0.012;-1.741;13.950;0.0000000000000000000000000;0.999;-58.061
656;-1.961;13.651;1.961;0.0000000000000000000000000;0.999;-52.311;-0.003;-1.933;13.597;0.0000000000000000000000000;0.999;-50.560
657;-1.965;13.416;1.965;0.0000000000000000000000000;0.999;-71.106;-0.023;-1.745;12.973;0.0000000000000000000000000;1.000;-110.120
658;-1.993;14.884;1.993;0.0000000000000000000000000;0.999;-48.600;0.009;-2.075;15.048;0.0000000000000000000000000;0.999;-48.711
660;-1.963;14.053;1.963;0.0000000000000000000000000;0.999;-64.310;-0.014;-1.836;13.797;0.0000000000000000000000000;0.999;-70.341
661;-1.959;14.483;1.959;0.0000000000000000000000000;0.999;-86.888;-0.000;-1.958;14.481;0.0000000000000000000000000;0.999;-84.889
663;-1.901;13.201;1.901;0.0000000000000000000000000;0.997;-12.092;-0.006;-1.844;13.084;0.0000000000000000000000000;0.997;-10.518
664;-1.877;13.248;1.877;0.0000000000000000000000000;1.000;-117.701;0.005;-1.922;13.340;0.0000000000000000000000000;1.000;-119.345
665;-1.965;13.040;1.965;0.0000000000000000000000000;0.999;-53.800;-0.017;-1.801;12.710;0.0000000000000000000000000;0.999;-62.548
666;-1.981;15.139;1.981;0.0000000000000000000000000;0.999;-85.018;-0.007;-1.919;15.014;0.0000000000000000000000000;1.000;-86.024
667;-1.970;14.701;1.970;0.0000000000000000000000000;1.000;-95.348;-0.002;-1.950;14.660;0.0000000000000000000000000;1.000;-93.739
668;-1.953;15.331;1.953;0.0000000000000000000000000;0.999;-82.373;0.006;-2.007;15.440;0.0000000000000000000000000;0.999;-82.496
669;-1.923;14.632;1.923;0.0000000000000000000000000;0.999;-67.036;-0.012;-1.813;14.409;0.0000000000000000000000000;0.999;-71.396
670;-1.982;14.797;1.982;0.0000000000000000000000000;0.999;-65.463;-0.003;-1.951;14.734;0.0000000000000000000000000;0.999;-63.922
672;-1.961;13.568;1.961;0.0000000000000000000000000;0.999;-55.657;-0.008;-1.882;13.410;0.0000000000000000000000000;0.999;-56.004
673;-1.963;13.697;1.963;0.0000000000000000000000000;0.998;-23.328;-0.004;-1.922;13.616;0.0000000000000000000000000;0.998;-21.604
674;-1.969;14.326;1.969;0.0000000000000000000000000;1.000;-94.408;0.009;-2.050;14.490;0.0000000000000000000000000;1.000;-99.153
675;-1.944;13.619;1.944;0.0000000000000000000000000;1.000;-103.965;-0.003;-1.912;13.554;0.0000000000000000000000000;1.000;-103.241
676;-1.904;14.052;1.904;0.0000000000000000000000000;0.999;-73.005;-0.004;-1.868;13.980;0.0000000000000000000000000;0.999;-71.737
677;-1.988;13.488;1.988;0.0000000000000000000000000;0.999;-62.815;-0.005;-1.939;13.390;0.0000000000000000000000000;0.999;-61.875
678;-1.998;14.876;1.998;0.0000000000000000000000000;1.000;-90.949;-0.001;-1.986;14.852;0.0000000000000000000000000;1.000;-89.071
679;-1.922;13.086;1.922;0.0000000000000000000000000;0.999;-49.416;-0.024;-1.699;12.637;0.0000000000000000000000000;0.999;-67.058
680;-2.009;15.666;2.009;0.0000000000000000000000000;0.997;-10.169;0.011;-2.116;15.882;0.0000000000000000000000000;0.997;-9.583
682;-1.956;13.735;1.956;0.0000000000000000000000000;0.999;-52.688;0.001;-1.968;13.759;0.0000000000000000000000000;0.999;-50.736
683;-1.958;14.511;1.958;0.0000000000000000000000000;0.999;-74.009;0.007;-2.027;14.649;0.0000000000000000000000000;0.999;-74.826
684;-1.976;14.971;1.976;0.0000000000000000000000000;0.998;-39.164;-0.006;-1.920;14.859;0.0000000000000000000000000;0.998;-37.928
686;-1.999;16.412;1.999;0.0000000000000000000000000;1.000;-117.662;-0.005;-1.952;16.318;0.0000000000000000000000000;1.000;-119.399
687;-1.879;13.090;1.879;0.0000000000000000000000000;0.999;-50.169;-0.028;-1.617;12.563;0.0000000000000000000000000;0.999;-79.709
688;-1.985;15.188;1.985;0.0000000000000000000000000;1.000;-101.387;-0.005;-1.943;15.103;0.0000000000000000000000000;1.000;-101.452
689;-1.971;13.956;1.971;0.0000000000000000000000000;0.999;-70.054;0.004;-2.010;14.034;0.0000000000000000000000000;0.999;-68.843
690;-1.991;15.117;1.991;0.0000000000000000000000000;1.000;-94.060;-0.014;-1.862;14.858;0.0000000000000000000000000;1.000;-111.577
691;-1.815;12.316;1.815;0.0000000000000000000000000;0.998;-36.825;-0.034;-1.496;11.675;0.0000000000000000000000000;0.999;-69.823
692;-1.983;14.851;1.983;0.0000000000000000000000000;0.998;-41.059;0.008;-2.062;15.009;0.0000000000000000000000000;0.998;-40.670
693;-1.941;14.033;1.941;0.0000000000000000000000000;0.999;-61.402;-0.011;-1.835;13.821;0.0000000000000000000000000;0.999;-64.414
694;-1.980;15.603;1.980;0.0000000000000000000000000;1.000;-89.849;0.012;-2.089;15.821;0.0000000000000000000000000;1.000;-99.189
695;-1.887;13.630;1.887;0.0000000000000000000000000;0.999;-47.132;-0.006;-1.829;13.512;0.0000000000000000000000000;0.999;-46.170
699;-1.970;13.670;1.970;0.0000000000000000000000000;0.999;-79.874;-0.007;-1.907;13.542;0.0000000000000000000000000;0.999;-80.605
700;-1.923;13.179;1.923;0.0000000000000000000000000;0.999;-58.906;-0.023;-1.704;12.738;0.0000000000000000000000000;0.999;-82.505
701;-1.910;12.269;1.910;0.0000000000000000000000000;0.998;-36.253;0.007;-1.979;12.409;0.0000000000000000000000000;0.998;-35.382
702;-1.834;12.858;1.834;0.0000000000000000000000000;0.999;-65.180;-0.013;-1.715;12.620;0.0000000000000000000000000;0.999;-70.237
703;-1.980;14.138;1.980;0.0000000000000000000000000;0.997;-18.271;-0.017;-1.820;13.817;0.0000000000000000000000000;0.998;-20.207
704;-1.975;13.835;1.975;0.0000000000000000000000000;0.999;-65.013;-0.009;-1.894;13.671;0.0000000000000000000000000;0.999;-66.174
705;-1.988;15.017;1.988;0.0000000000000000000000000;0.999;-80.000;0.001;-1.996;15.034;0.0000000000000000000000000;0.999;-78.045
706;-1.982;15.090;1.982;0.0000000000000000000000000;0.999;-69.224;-0.006;-1.927;14.978;0.0000000000000000000000000;0.999;-68.821
707;-1.915;13.837;1.915;0.0000000000000000000000000;0.999;-67.881;-0.017;-1.754;13.513;0.0000000000000000000000000;0.999;-81.238
708;-1.966;13.978;1.966;0.0000000000000000000000000;0.999;-44.481;-0.009;-1.876;13.799;0.0000000000000000000000000;0.999;-44.765
709;-1.965;14.565;1.965;0.0000000000000000000000000;0.999;-46.742;-0.021;-1.763;14.158;0.0000000000000000000000000;0.999;-58.977
710;-1.909;14.109;1.909;0.0000000000000000000000000;1.000;-96.198;0.008;-1.986;14.262;0.0000000000000000000000000;1.000;-100.367
711;-1.900;13.325;1.900;0.0000000000000000000000000;1.000;-98.487;0.000;-1.901;13.327;0.0000000000000000000000000;1.000;-96.488
712;-1.982;14.065;1.982;0.0000000000000000000000000;0.999;-75.109;-0.014;-1.850;13.800;0.0000000000000000000000000;0.999;-84.889
713;-1.992;15.021;1.992;0.0000000000000000000000000;1.000;-115.623;-0.007;-1.926;14.888;0.0000000000000000000000000;1.000;-121.169
714;-1.936;14.020;1.936;0.0000000000000000000000000;0.999;-59.769;0.011;-2.040;14.229;0.0000000000000000000000000;0.999;-62.377
715;-1.921;14.352;1.921;0.0000000000000000000000000;0.999;-64.752;-0.000;-1.920;14.351;0.0000000000000000000000000;0.999;-62.752
716;-1.976;15.412;1.976;0.0000000000000000000000000;0.999;-43.139;-0.003;-1.952;15.363;0.0000000000000000000000000;0.999;-41.298
717;-1.845;13.200;1.845;0.0000000000000000000000000;0.999;-49.147;-0.022;-1.635;12.778;0.0000000000000000000000000;0.999;-63.874
719;-1.962;14.370;1.962;0.0000000000000000000000000;1.000;-92.646;0.010;-2.055;14.556;0.0000000000000000000000000;1.000;-99.283
720;-1.951;16.086;1.951;0.0000000000000000000000000;0.999;-70.838;-0.006;-1.897;15.977;0.0000000000000000000000000;0.999;-70.428
721;-1.980;14.639;1.980;0.0000000000000000000000000;1.000;-126.180;0.001;-1.989;14.656;0.0000000000000000000000000;1.000;-124.338
722;-1.932;13.865;1.932;0.0000000000000000000000000;0.998;-43.151;-0.032;-1.631;13.260;0.0000000000000000000000000;0.999;-78.324
723;-1.971;13.204;1.971;0.0000000000000000000000000;0.999;-57.228;-0.013;-1.850;12.960;0.0000000000000000000000000;0.999;-61.250
724;-1.928;13.845;1.928;0.0000000000000000000000000;0.999;-73.704;0.002;-1.949;13.887;0.0000000000000000000000000;0.999;-71.960
725;-1.955;13.948;1.955;0.0000000000000000000000000;1.000;-110.126;-0.006;-1.898;13.832;0.0000000000000000000000000;1.000;-112.948
726;-1.943;12.669;1.943;0.0000000000000000000000000;0.999;-45.384;-0.031;-1.655;12.090;0.0000000000000000000000000;0.999;-78.686
727;-1.976;15.123;1.976;0.0000000000000000000000000;1.000;-96.849;-0.010;-1.881;14.933;0.0000000000000000000000000;1.000;-105.019
729;-1.940;14.681;1.940;0.0000000000000000000000000;0.999;-45.849;-0.017;-1.778;14.355;0.0000000000000000000000000;0.999;-52.204
730;-1.944;14.848;1.944;0.0000000000000000000000000;0.999;-72.772;0.009;-2.030;15.021;0.0000000000000000000000000;0.999;-75.128
731;-2.008;14.527;2.008;0.0000000000000000000000000;0.992;29.257;-0.008;-1.932;14.373;0.0000000000000000000000000;0.992;30.988
732;-1.932;14.422;1.932;0.0000000000000000000000000;0.999;-59.807;-0.013;-1.812;14.182;0.0000000000000000000000000;0.999;-64.030
733;-1.964;13.870;1.964;0.0000000000000000000000000;0.999;-74.281;-0.014;-1.828;13.598;0.0000000000000000000000000;0.999;-84.484
734;-1.969;15.458;1.969;0.0000000000000000000000000;0.999;-87.910;-0.003;-1.937;15.394;0.0000000000000000000000000;1.000;-86.723
735;-1.979;14.663;1.979;0.0000000000000000000000000;0.999;-43.651;0.008;-2.052;14.809;0.0000000000000000000000000;0.999;-43.119
736;-1.943;14.306;1.943;0.0000000000000000000000000;0.999;-56.297;-0.022;-1.739;13.898;0.0000000000000000000000000;0.999;-73.498
737;-1.960;14.040;1.960;0.0000000000000000000000000;0.998;-41.034;-0.005;-1.914;13.948;0.0000000000000000000000000;0.998;-39.577
738;-1.934;14.112;1.934;0.0000000000000000000000000;1.000;-100.993;0.015;-2.079;14.403;0.0000000000000000000000000;1.000;-133.012
739;-1.966;14.556;1.966;0.0000000000000000000000000;0.999;-66.923;0.004;-2.003;14.631;0.0000000000000000000000000;0.999;-65.591
740;-1.954;13.282;1.954;0.0000000000000000000000000;0.998;-39.630;-0.004;-1.913;13.199;0.0000000000000000000000000;0.998;-38.058
741;-1.959;14.197;1.959;0.0000000000000000000000000;0.999;-62.532;0.003;-1.988;14.257;0.0000000000000000000000000;0.999;-60.917
742;-1.872;12.276;1.872;0.0000000000000000000000000;0.997;-26.053;-0.017;-1.708;11.947;0.0000000000000000000000000;0.998;-29.102
743;-1.985;15.827;1.985;0.0000000000000000000000000;0.993;21.125;0.006;-2.045;15.949;0.0000000000000000000000000;0.993;22.918
747;-1.954;13.826;1.954;0.0000000000000000000000000;0.998;-34.566;0.004;-1.991;13.901;0.0000000000000000000000000;0.998;-32.870
748;-1.911;14.089;1.911;0.0000000000000000000000000;0.999;-68.520;-0.012;-1.794;13.854;0.0000000000000000000000000;0.999;-74.012
749;-1.948;15.534;1.948;0.0000000000000000000000000;1.000;-94.575;0.004;-1.982;15.603;0.0000000000000000000000000;1.000;-93.710
750;-1.915;12.352;1.915;0.0000000000000000000000000;0.999;-65.438;-0.001;-1.901;12.325;0.0000000000000000000000000;0.999;-63.523
752;-1.978;16.047;1.978;0.0000000000000000000000000;1.000;-91.099;0.011;-2.085;16.264;0.0000000000000000000000000;1.000;-100.622
754;-1.940;14.399;1.940;0.0000000000000000000000000;0.999;-57.293;-0.014;-1.809;14.136;0.0000000000000000000000000;0.999;-62.401
755;-1.861;13.343;1.861;0.0000000000000000000000000;0.999;-78.097;-0.002;-1.846;13.314;0.0000000000000000000000000;0.999;-76.230
756;-1.887;13.500;1.887;0.0000000000000000000000000;0.999;-52.226;-0.009;-1.805;13.334;0.0000000000000000000000000;0.999;-52.579
757;-1.958;13.152;1.958;0.0000000000000000000000000;0.999;-79.533;0.002;-1.973;13.181;0.0000000000000000000000000;0.999;-77.673
758;-1.992;16.143;1.992;0.0000000000000000000000000;1.000;-101.643;0.003;-2.022;16.204;0.0000000000000000000000000;1.000;-100.688
759;-1.944;14.410;1.944;0.0000000000000000000000000;0.999;-87.510;-0.012;-1.827;14.175;0.0000000000000000000000000;1.000;-98.151
760;-1.963;14.130;1.963;0.0000000000000000000000000;0.999;-70.279;-0.020;-1.772;13.747;0.0000000000000000000000000;1.000;-93.791
762;-1.947;13.568;1.947;0.0000000000000000000000000;0.997;-19.271;-0.006;-1.891;13.455;0.0000000000000000000000000;0.997;-17.756
763;-1.989;15.312;1.989;0.0000000000000000000000000;0.999;-67.081;0.005;-2.039;15.412;0.0000000000000000000000000;0.999;-66.285
765;-1.884;14.151;1.884;0.0000000000000000000000000;0.997;-18.712;-0.024;-1.659;13.699;0.0000000000000000000000000;0.998;-25.018
766;-1.909;13.294;1.909;0.0000000000000000000000000;0.996;-10.776;-0.005;-1.857;13.190;0.0000000000000000000000000;0.997;-9.103
768;-1.958;15.053;1.958;0.0000000000000000000000000;0.999;-73.097;-0.013;-1.835;14.805;0.0000000000000000000000000;0.999;-80.697
769;-1.950;14.307;1.950;0.0000000000000000000000000;0.999;-66.172;0.006;-2.006;14.420;0.0000000000000000000000000;0.999;-65.681
770;-1.925;14.122;1.925;0.0000000000000000000000000;0.999;-58.922;-0.022;-1.722;13.714;0.0000000000000000000000000;0.999;-77.768
771;-1.972;15.407;1.972;0.0000000000000000000000000;0.997;-21.887;0.010;-2.069;15.602;0.0000000000000000000000000;0.998;-21.412
772;-1.999;15.601;1.999;0.0000000000000000000000000;0.999;-48.045;0.007;-2.062;15.728;0.0000000000000000000000000;0.999;-47.270
774;-1.968;15.657;1.968;0.0000000000000000000000000;0.997;-10.754;0.014;-2.096;15.914;0.0000000000000000000000000;0.997;-10.801
775;-1.936;12.687;1.936;0.0000000000000000000000000;0.999;-59.514;-0.010;-1.845;12.505;0.0000000000000000000000000;0.999;-60.931
778;-1.977;14.182;1.977;0.0000000000000000000000000;0.999;-64.864;-0.014;-1.843;13.912;0.0000000000000000000000000;0.999;-72.054
780;-1.999;15.724;1.999;0.0000000000000000000000000;1.000;-105.488;0.007;-2.062;15.852;0.0000000000000000000000000;1.000;-108.794
781;-1.971;15.425;1.971;0.0000000000000000000000000;0.999;-51.542;-0.007;-1.905;15.293;0.0000000000000000000000000;0.999;-50.989
782;-1.988;15.056;1.988;0.0000000000000000000000000;1.000;-89.591;-0.001;-1.978;15.034;0.0000000000000000000000000;1.000;-87.689
783;-1.957;14.952;1.957;0.0000000000000000000000000;1.000;-97.957;-0.012;-1.843;14.721;0.0000000000000000000000000;1.000;-112.301
784;-1.995;13.753;1.995;0.0000000000000000000000000;0.999;-51.141;0.004;-2.031;13.825;0.0000000000000000000000000;0.999;-49.568
787;-2.003;14.426;2.003;0.0000000000000000000000000;0.997;-17.271;-0.007;-1.933;14.285;0.0000000000000000000000000;0.997;-15.977
788;-1.940;12.484;1.940;0.0000000000000000000000000;0.998;-41.585;-0.031;-1.645;11.892;0.0000000000000000000000000;0.999;-72.261
789;-1.980;14.632;1.980;0.0000000000000000000000000;0.999;-86.504;-0.002;-1.963;14.596;0.0000000000000000000000000;0.999;-84.743
791;-2.010;15.459;2.010;0.0000000000000000000000000;0.999;-68.621;0.013;-2.130;15.700;0.0000000000000000000000000;0.999;-74.555
792;-1.895;13.540;1.895;0.0000000000000000000000000;0.998;-25.629;-0.020;-1.704;13.155;0.0000000000000000000000000;0.998;-30.657
793;-1.980;14.839;1.980;0.0000000000000000000000000;0.999;-75.440;-0.004;-1.941;14.760;0.0000000000000000000000000;0.999;-74.355
794;-1.989;14.893;1.989;0.0000000000000000000000000;0.999;-55.740;-0.005;-1.942;14.798;0.0000000000000000000000000;0.999;-54.579
795;-1.952;13.204;1.952;0.0000000000000000000000000;0.999;-77.333;0.006;-2.004;13.310;0.0000000000000000000000000;0.999;-77.109
796;-1.963;14.109;1.963;0.0000000000000000000000000;0.999;-74.636;0.005;-2.013;14.210;0.0000000000000000000000000;0.999;-74.147
797;-1.931;14.044;1.931;0.0000000000000000000000000;0.999;-67.733;0.003;-1.964;14.109;0.0000000000000000000000000;0.999;-66.258
798;-1.957;14.832;1.957;0.0000000000000000000000000;1.000;-112.938;0.004;-1.996;14.911;0.0000000000000000000000000;1.000;-113.276
799;-1.977;14.386;1.977;0.0000000000000000000000000;1.000;-107.681;0.006;-2.029;14.490;0.0000000000000000000000000;1.000;-109.344
800;-1.960;13.163;1.960;0.0000000000000000000000000;0.998;-24.410;-0.001;-1.955;13.153;0.0000000000000000000000000;0.998;-22.414
802;-2.000;15.974;2.000;0.0000000000000000000000000;0.999;-77.517;-0.009;-1.916;15.806;0.0000000000000000000000000;0.999;-80.133
803;-1.962;15.281;1.962;0.0000000000000000000000000;1.000;-106.542;-0.006;-1.902;15.160;0.0000000000000000000000000;1.000;-109.460
804;-1.953;13.695;1.953;0.0000000000000000000000000;0.999;-65.324;-0.003;-1.924;13.636;0.0000000000000000000000000;0.999;-63.722
805;-1.967;14.683;1.967;0.0000000000000000000000000;0.999;-80.228;0.007;-2.030;14.811;0.0000000000000000000000000;0.999;-81.006
806;-1.961;13.673;1.961;0.0000000000000000000000000;0.999;-43.716;-0.012;-1.843;13.436;0.0000000000000000000000000;0.999;-45.675
807;-1.986;13.878;1.986;0.0000000000000000000000000;0.999;-47.198;-0.018;-1.816;13.536;0.0000000000000000000000000;0.999;-54.876
808;-1.999;15.576;1.999;0.0000000000000000000000000;0.999;-42.068;0.009;-2.081;15.741;0.0000000000000000000000000;0.999;-41.871
810;-1.935;13.511;1.935;0.0000000000000000000000000;0.998;-38.699;-0.003;-1.907;13.456;0.0000000000000000000000000;0.998;-36.885
811;-1.966;15.134;1.966;0.0000000000000000000000000;0.999;-69.989;-0.006;-1.906;15.015;0.0000000000000000000000000;0.999;-69.856
812;-1.974;14.024;1.974;0.0000000000000000000000000;0.999;-76.089;-0.001;-1.968;14.012;0.0000000000000000000000000;0.999;-74.111
813;-1.932;14.366;1.932;0.0000000000000000000000000;1.000;-105.121;-0.010;-1.841;14.185;0.0000000000000000000000000;1.000;-114.549
814;-2.002;16.434;2.002;0.0000000000000000000000000;0.999;-84.287;0.010;-2.096;16.624;0.0000000000000000000000000;1.000;-89.416
815;-1.992;14.448;1.992;0.0000000000000000000000000;0.999;-79.017;0.002;-2.007;14.479;0.0000000000000000000000000;0.999;-77.166
817;-1.851;11.700;1.851;0.0000000000000000000000000;0.999;-57.071;0.000;-1.853;11.703;0.0000000000000000000000000;0.999;-55.072
818;-1.911;13.934;1.911;0.0000000000000000000000000;0.999;-52.707;-0.016;-1.757;13.626;0.0000000000000000000000000;0.999;-59.653
819;-1.867;13.344;1.867;0.0000000000000000000000000;0.995;1.407;0.019;-2.046;13.703;0.0000000000000000000000000;0.995;0.407
820;-1.954;14.841;1.954;0.0000000000000000000000000;0.998;-40.382;-0.003;-1.922;14.777;0.0000000000000000000000000;0.998;-38.644
821;-1.948;13.223;1.948;0.0000000000000000000000000;0.999;-69.750;0.010;-2.043;13.415;0.0000000000000000000000000;0.999;-72.742
822;-1.888;11.924;1.888;0.0000000000000000000000000;0.997;-25.223;-0.046;-1.454;11.050;0.0000000000000000000000000;0.999;-89.662
823;-1.911;13.235;1.911;0.0000000000000000000000000;0.999;-90.736;-0.012;-1.793;12.999;0.0000000000000000000000000;1.000;-102.758
824;-1.944;14.213;1.944;0.0000000000000000000000000;0.998;-43.685;-0.025;-1.708;13.738;0.0000000000000000000000000;0.999;-60.740
825;-1.965;14.567;1.965;0.0000000000000000000000000;0.999;-74.203;-0.011;-1.860;14.354;0.0000000000000000000000000;0.999;-79.180
826;-1.981;13.657;1.981;0.0000000000000000000000000;0.999;-67.808;-0.014;-1.853;13.398;0.0000000000000000000000000;0.999;-74.890
827;-1.971;14.619;1.971;0.0000000000000000000000000;1.000;-92.448;-0.001;-1.964;14.605;0.0000000000000000000000000;1.000;-90.494
828;-1.945;13.225;1.945;0.0000000000000000000000000;0.998;-35.427;-0.035;-1.617;12.566;0.0000000000000000000000000;0.999;-69.490
829;-1.959;14.128;1.959;0.0000000000000000000000000;0.999;-44.844;-0.025;-1.723;13.653;0.0000000000000000000000000;0.999;-62.586
830;-2.003;15.706;2.003;0.0000000000000000000000000;0.999;-72.754;0.007;-2.070;15.840;0.0000000000000000000000000;0.999;-73.273
831;-1.951;14.298;1.951;0.0000000000000000000000000;0.999;-59.236;-0.015;-1.813;14.021;0.0000000000000000000000000;0.999;-65.594
832;-1.951;13.776;1.951;0.0000000000000000000000000;0.999;-62.712;-0.012;-1.839;13.550;0.0000000000000000000000000;0.999;-66.621
833;-1.877;13.772;1.877;0.0000000000000000000000000;0.997;-23.680;0.003;-1.909;13.836;0.0000000000000000000000000;0.997;-21.851
835;-1.999;15.439;1.999;0.0000000000000000000000000;0.999;-79.999;0.007;-2.066;15.574;0.0000000000000000000000000;0.999;-81.131
836;-1.952;13.190;1.952;0.0000000000000000000000000;0.999;-51.864;-0.030;-1.668;12.620;0.0000000000000000000000000;1.000;-93.326
837;-1.969;15.769;1.969;0.0000000000000000000000000;1.000;-124.833;-0.001;-1.960;15.750;0.0000000000000000000000000;1.000;-123.013
838;-1.956;14.416;1.956;0.0000000000000000000000000;0.999;-62.828;-0.016;-1.801;14.105;0.0000000000000000000000000;0.999;-72.857
839;-1.908;13.408;1.908;0.0000000000000000000000000;0.999;-46.965;-0.031;-1.615;12.819;0.0000000000000000000000000;0.999;-84.548
840;-1.882;13.947;1.882;0.0000000000000000000000000;0.997;-24.370;0.017;-2.039;14.262;0.0000000000000000000000000;0.998;-26.791
841;-1.984;13.946;1.984;0.0000000000000000000000000;0.999;-77.585;-0.004;-1.946;13.868;0.0000000000000000000000000;0.999;-76.539
842;-1.857;13.767;1.857;0.0000000000000000000000000;0.998;-40.566;-0.009;-1.773;13.597;0.0000000000000000000000000;0.998;-40.405
843;-1.977;13.995;1.977;0.0000000000000000000000000;1.000;-93.874;0.002;-2.000;14.041;0.0000000000000000000000000;1.000;-92.361
844;-2.018;14.458;2.018;0.0000000000000000000000000;0.999;-59.623;-0.000;-2.016;14.454;0.0000000000000000000000000;0.999;-57.625
845;-1.982;15.581;1.982;0.0000000000000000000000000;0.998;-41.644;0.015;-2.126;15.870;0.0000000000000000000000000;0.999;-45.415
846;-1.918;12.994;1.918;0.0000000000000000000000000;0.999;-50.364;0.001;-1.929;13.016;0.0000000000000000000000000;0.999;-48.400
847;-1.953;13.300;1.953;0.0000000000000000000000000;0.998;-29.738;-0.021;-1.760;12.912;0.0000000000000000000000000;0.998;-35.689
848;-1.940;14.169;1.940;0.0000000000000000000000000;0.998;-40.166;0.006;-1.995;14.279;0.0000000000000000000000000;0.998;-38.925
849;-1.935;13.530;1.935;0.0000000000000000000000000;0.999;-49.617;-0.010;-1.845;13.350;0.0000000000000000000000000;0.999;-50.235
851;-1.924;13.420;1.924;0.0000000000000000000000000;0.999;-82.147;-0.009;-1.838;13.247;0.0000000000000000000000000;0.999;-85.681
852;-1.955;14.464;1.955;0.0000000000000000000000000;0.999;-64.853;-0.017;-1.791;14.135;0.0000000000000000000000000;0.999;-77.391
853;-1.788;10.591;1.788;0.0000000000000000000000000;0.997;-21.101;-0.006;-1.729;10.473;0.0000000000000000000000000;0.997;-19.651
854;-1.960;14.339;1.960;0.0000000000000000000000000;0.998;-33.025;0.016;-2.113;14.648;0.0000000000000000000000000;0.998;-36.327
855;-1.899;12.962;1.899;0.0000000000000000000000000;0.999;-80.297;-0.010;-1.805;12.775;0.0000000000000000000000000;0.999;-84.528
856;-1.992;15.418;1.992;0.0000000000000000000000000;1.000;-117.343;-0.002;-1.970;15.374;0.0000000000000000000000000;1.000;-116.144
857;-1.977;14.330;1.977;0.0000000000000000000000000;0.999;-84.806;-0.011;-1.872;14.117;0.0000000000000000000000000;1.000;-92.090
858;-1.965;13.839;1.965;0.0000000000000000000000000;0.999;-79.835;-0.005;-1.919;13.746;0.0000000000000000000000000;0.999;-79.274
859;-2.000;15.160;2.000;0.0000000000000000000000000;0.997;-15.094;0.009;-2.082;15.325;0.0000000000000000000000000;0.997;-14.021
860;-1.912;13.413;1.912;0.0000000000000000000000000;0.998;-40.158;-0.019;-1.729;13.044;0.0000000000000000000000000;0.999;-47.579
861;-1.930;14.971;1.930;0.0000000000000000000000000;0.999;-55.247;0.004;-1.966;15.042;0.0000000000000000000000000;0.999;-53.706
862;-1.829;12.601;1.829;0.0000000000000000000000000;0.998;-36.497;-0.020;-1.644;12.229;0.0000000000000000000000000;0.998;-43.252
864;-2.007;15.510;2.007;0.0000000000000000000000000;1.000;-110.523;-0.005;-1.964;15.422;0.0000000000000000000000000;1.000;-111.271
865;-1.896;13.078;1.896;0.0000000000000000000000000;0.999;-83.069;0.001;-1.902;13.090;0.0000000000000000000000000;0.999;-81.095
866;-1.987;14.990;1.987;0.0000000000000000000000000;0.999;-82.685;0.003;-2.019;15.054;0.0000000000000000000000000;0.999;-81.415
867;-1.977;14.674;1.977;0.0000000000000000000000000;0.999;-83.704;0.007;-2.041;14.803;0.0000000000000000000000000;0.999;-84.791
868;-1.918;14.181;1.918;0.0000000000000000000000000;0.998;-38.257;0.008;-1.992;14.328;0.0000000000000000000000000;0.998;-37.562
870;-1.950;14.772;1.950;0.0000000000000000000000000;0.998;-29.641;0.003;-1.976;14.825;0.0000000000000000000000000;0.998;-27.774
871;-1.923;14.224;1.923;0.0000000000000000000000000;0.999;-69.413;-0.018;-1.753;13.883;0.0000000000000000000000000;0.999;-85.635
872;-1.941;13.966;1.941;0.0000000000000000000000000;0.999;-77.201;-0.015;-1.795;13.673;0.0000000000000000000000000;1.000;-91.026
873;-1.920;13.597;1.920;0.0000000000000000000000000;0.998;-43.534;-0.001;-1.908;13.575;0.0000000000000000000000000;0.998;-41.569
874;-1.968;15.202;1.968;0.0000000000000000000000000;0.999;-60.601;-0.002;-1.952;15.170;0.0000000000000000000000000;0.999;-58.703
875;-1.987;16.211;1.987;0.0000000000000000000000000;0.996;-5.520;0.012;-2.103;16.442;0.0000000000000000000000000;0.996;-4.978
876;-1.950;14.266;1.950;0.0000000000000000000000000;0.999;-53.053;0.007;-2.018;14.404;0.0000000000000000000000000;0.999;-52.694
877;-1.974;15.071;1.974;0.0000000000000000000000000;0.999;-73.663;-0.005;-1.923;14.968;0.0000000000000000000000000;0.999;-73.175
878;-1.972;15.675;1.972;0.0000000000000000000000000;1.000;-114.188;-0.006;-1.916;15.564;0.0000000000000000000000000;1.000;-117.128
880;-1.880;14.753;1.880;0.0000000000000000000000000;0.998;-42.315;0.010;-1.969;14.933;0.0000000000000000000000000;0.998;-42.485
881;-1.975;14.356;1.975;0.0000000000000000000000000;0.999;-85.280;-0.005;-1.924;14.253;0.0000000000000000000000000;0.999;-85.305
882;-1.990;14.148;1.990;0.0000000000000000000000000;0.998;-37.872;0.002;-2.010;14.190;0.0000000000000000000000000;0.998;-35.974
883;-1.968;14.615;1.968;0.0000000000000000000000000;0.999;-70.857;-0.005;-1.922;14.523;0.0000000000000000000000000;0.999;-69.977
884;-1.997;15.106;1.997;0.0000000000000000000000000;1.000;-97.395;-0.010;-1.900;14.913;0.0000000000000000000000000;1.000;-105.990
885;-1.950;14.474;1.950;0.0000000000000000000000000;1.000;-109.441;-0.008;-1.874;14.321;0.0000000000000000000000000;1.000;-116.169
886;-1.965;14.841;1.965;0.0000000000000000000000000;0.998;-40.499;-0.007;-1.896;14.702;0.0000000000000000000000000;0.998;-39.724
887;-1.927;14.813;1.927;0.0000000000000000000000000;0.998;-42.894;-0.031;-1.637;14.230;0.0000000000000000000000000;0.999;-73.557
888;-1.906;13.003;1.906;0.0000000000000000000000000;0.999;-53.587;-0.026;-1.664;12.518;0.0000000000000000000000000;0.999;-79.573
889;-1.994;13.501;1.994;0.0000000000000000000000000;0.995;3.152;-0.003;-1.969;13.449;0.0000000000000000000000000;0.995;5.094
892;-1.944;12.979;1.944;0.0000000000000000000000000;0.998;-35.033;-0.036;-1.602;12.292;0.0000000000000000000000000;0.999;-73.776
894;-1.838;13.094;1.838;0.0000000000000000000000000;0.999;-78.369;-0.005;-1.794;13.005;0.0000000000000000000000000;0.999;-77.649
896;-1.870;13.492;1.870;0.0000000000000000000000000;0.999;-79.252;-0.008;-1.796;13.343;0.0000000000000000000000000;0.999;-80.965
897;-1.978;14.497;1.978;0.0000000000000000000000000;0.999;-45.904;-0.003;-1.954;14.448;0.0000000000000000000000000;0.999;-44.072
898;-1.936;13.337;1.936;0.0000000000000000000000000;0.999;-54.316;-0.022;-1.727;12.917;0.0000000000000000000000000;0.999;-71.688
899;-1.972;14.248;1.972;0.0000000000000000000000000;0.999;-66.822;0.003;-1.997;14.298;0.0000000000000000000000000;0.999;-65.114
900;-1.971;14.279;1.971;0.0000000000000000000000000;0.999;-48.931;0.008;-2.046;14.430;0.0000000000000000000000000;0.999;-48.711
901;-1.967;13.761;1.967;0.0000000000000000000000000;0.999;-77.062;-0.008;-1.891;13.609;0.0000000000000000000000000;0.999;-78.785
903;-1.970;14.802;1.970;0.0000000000000000000000000;0.999;-87.622;-0.004;-1.929;14.720;0.0000000000000000000000000;1.000;-86.984
904;-1.894;13.638;1.894;0.0000000000000000000000000;0.999;-68.140;-0.010;-1.804;13.456;0.0000000000000000000000000;0.999;-70.426
905;-1.940;14.733;1.940;0.0000000000000000000000000;0.999;-76.155;0.012;-2.051;14.956;0.0000000000000000000000000;0.999;-82.375
906;-1.892;13.726;1.892;0.0000000000000000000000000;1.000;-94.299;0.014;-2.027;13.996;0.0000000000000000000000000;1.000;-114.249
907;-1.975;14.588;1.975;0.0000000000000000000000000;1.000;-130.866;-0.001;-1.970;14.577;0.0000000000000000000000000;1.000;-128.928
908;-1.922;13.532;1.922;0.0000000000000000000000000;0.999;-46.213;-0.007;-1.860;13.406;0.0000000000000000000000000;0.999;-45.374
909;-1.971;14.577;1.971;0.0000000000000000000000000;0.999;-53.094;-0.004;-1.937;14.508;0.0000000000000000000000000;0.999;-51.499
910;-1.910;13.709;1.910;0.0000000000000000000000000;0.997;-20.650;0.014;-2.039;13.968;0.0000000000000000000000000;0.997;-21.328
911;-1.978;12.975;1.978;0.0000000000000000000000000;0.999;-48.571;-0.013;-1.856;12.731;0.0000000000000000000000000;0.999;-51.361
912;-1.951;12.342;1.951;0.0000000000000000000000000;0.999;-57.489;0.001;-1.961;12.362;0.0000000000000000000000000;0.999;-55.528
914;-1.893;14.695;1.893;0.0000000000000000000000000;0.999;-84.688;0.012;-2.008;14.925;0.0000000000000000000000000;1.000;-93.766
915;-1.879;12.107;1.879;0.0000000000000000000000000;0.997;-19.585;-0.045;-1.459;11.262;0.0000000000000000000000000;0.999;-61.163
916;-1.986;15.193;1.986;0.0000000000000000000000000;0.999;-74.325;0.009;-2.072;15.367;0.0000000000000000000000000;0.999;-76.914
918;-1.906;13.465;1.906;0.0000000000000000000000000;0.999;-70.253;-0.010;-1.814;13.279;0.0000000000000000000000000;0.999;-72.986
919;-1.892;13.997;1.892;0.0000000000000000000000000;0.999;-73.270;-0.013;-1.768;13.748;0.0000000000000000000000000;0.999;-80.940
921;-1.974;15.684;1.974;0.0000000000000000000000000;1.000;-105.910;0.000;-1.974;15.685;0.0000000000000000000000000;1.000;-103.910
922;-1.934;14.551;1.934;0.0000000000000000000000000;0.998;-30.708;-0.012;-1.819;14.320;0.0000000000000000000000000;0.998;-31.446
923;-1.938;15.215;1.938;0.0000000000000000000000000;0.998;-43.204;-0.009;-1.851;15.041;0.0000000000000000000000000;0.999;-43.285
924;-1.922;14.712;1.922;0.0000000000000000000000000;0.999;-57.472;-0.024;-1.691;14.249;0.0000000000000000000000000;0.999;-83.430
925;-1.954;14.091;1.954;0.0000000000000000000000000;0.992;26.244;0.016;-2.106;14.398;0.0000000000000000000000000;0.992;27.072
926;-1.953;14.367;1.953;0.0000000000000000000000000;0.999;-61.324;-0.019;-1.774;14.006;0.0000000000000000000000000;0.999;-75.791
927;-1.948;13.741;1.948;0.0000000000000000000000000;0.999;-64.195;-0.004;-1.909;13.662;0.0000000000000000000000000;0.999;-62.892
928;-2.009;14.080;2.009;0.0000000000000000000000000;0.999;-49.508;0.005;-2.055;14.173;0.0000000000000000000000000;0.999;-48.189
929;-1.939;14.825;1.939;0.0000000000000000000000000;0.999;-72.894;-0.012;-1.828;14.602;0.0000000000000000000000000;0.999;-78.401
931;-1.963;13.439;1.963;0.0000000000000000000000000;0.998;-41.409;-0.021;-1.769;13.049;0.0000000000000000000000000;0.999;-50.536
933;-1.930;14.303;1.930;0.0000000000000000000000000;0.999;-57.192;-0.006;-1.877;14.197;0.0000000000000000000000000;0.999;-56.262
934;-1.902;13.034;1.902;0.0000000000000000000000000;0.999;-64.701;-0.009;-1.814;12.857;0.0000000000000000000000000;0.999;-66.417
936;-1.810;12.781;1.810;0.0000000000000000000000000;1.000;-104.356;-0.006;-1.751;12.663;0.0000000000000000000000000;1.000;-106.735
937;-1.965;13.612;1.965;0.0000000000000000000000000;1.000;-98.337;0.012;-2.074;13.832;0.0000000000000000000000000;1.000;-110.995
938;-1.981;14.787;1.981;0.0000000000000000000000000;1.000;-88.153;-0.007;-1.912;14.647;0.0000000000000000000000000;1.000;-90.289
939;-1.909;12.479;1.909;0.0000000000000000000000000;0.998;-45.606;-0.036;-1.573;11.804;0.0000000000000000000000000;1.000;-106.573
940;-1.908;13.000;1.908;0.0000000000000000000000000;0.999;-76.717;-0.015;-1.768;12.718;0.0000000000000000000000000;0.999;-88.881
941;-1.924;13.357;1.924;0.0000000000000000000000000;0.999;-66.116;-0.008;-1.846;13.201;0.0000000000000000000000000;0.999;-67.063
942;-1.940;13.923;1.940;0.0000000000000000000000000;0.999;-73.715;-0.010;-1.845;13.733;0.0000000000000000000000000;0.999;-77.166
943;-1.963;14.530;1.963;0.0000000000000000000000000;0.999;-67.068;0.016;-2.109;14.825;0.0000000000000000000000000;0.999;-77.007
945;-1.948;14.816;1.948;0.0000000000000000000000000;0.999;-81.322;0.016;-2.094;15.110;0.0000000000000000000000000;1.000;-97.403
946;-1.946;14.072;1.946;0.0000000000000000000000000;0.999;-53.067;-0.013;-1.826;13.831;0.0000000000000000000000000;0.999;-56.315
947;-1.900;13.381;1.900;0.0000000000000000000000000;0.999;-72.483;-0.012;-1.783;13.145;0.0000000000000000000000000;0.999;-78.881
948;-1.947;14.232;1.947;0.0000000000000000000000000;1.000;-108.534;0.003;-1.980;14.297;0.0000000000000000000000000;1.000;-107.957
949;-1.912;13.145;1.912;0.0000000000000000000000000;0.998;-39.818;-0.024;-1.681;12.682;0.0000000000000000000000000;0.999;-53.700
950;-1.938;13.992;1.938;0.0000000000000000000000000;0.999;-67.250;-0.004;-1.901;13.919;0.0000000000000000000000000;0.999;-65.889
951;-1.988;14.696;1.988;0.0000000000000000000000000;0.999;-68.192;-0.006;-1.927;14.575;0.0000000000000000000000000;0.999;-68.050
952;-1.974;14.935;1.974;0.0000000000000000000000000;0.999;-52.211;0.008;-2.049;15.087;0.0000000000000000000000000;0.999;-52.175
953;-1.911;14.616;1.911;0.0000000000000000000000000;0.998;-28.856;-0.005;-1.864;14.521;0.0000000000000000000000000;0.998;-27.283
954;-1.913;12.979;1.913;0.0000000000000000000000000;0.999;-76.981;-0.008;-1.842;12.837;0.0000000000000000000000000;0.999;-78.164
955;-1.973;13.866;1.973;0.0000000000000000000000000;0.999;-63.060;-0.004;-1.937;13.794;0.0000000000000000000000000;0.999;-61.621
957;-1.915;13.721;1.915;0.0000000000000000000000000;0.999;-50.008;0.010;-2.005;13.902;0.0000000000000000000000000;0.999;-50.685
958;-2.007;15.232;2.007;0.0000000000000000000000000;1.000;-112.283;0.005;-2.049;15.318;0.0000000000000000000000000;1.000;-113.022
959;-1.967;15.030;1.967;0.0000000000000000000000000;0.999;-56.856;-0.001;-1.956;15.008;0.0000000000000000000000000;0.999;-54.904
960;-1.838;14.281;1.838;0.0000000000000000000000000;0.999;-71.508;0.015;-1.982;14.570;0.0000000000000000000000000;0.999;-82.516
961;-1.852;13.501;1.852;0.0000000000000000000000000;0.999;-51.560;0.006;-1.906;13.609;0.0000000000000000000000000;0.999;-50.513
962;-1.958;13.900;1.958;0.0000000000000000000000000;0.999;-85.353;-0.002;-1.937;13.858;0.0000000000000000000000000;0.999;-83.682
964;-1.941;13.578;1.941;0.0000000000000000000000000;0.999;-69.863;-0.004;-1.900;13.495;0.0000000000000000000000000;0.999;-68.758
965;-1.954;14.938;1.954;0.0000000000000000000000000;0.999;-57.116;-0.008;-1.875;14.780;0.0000000000000000000000000;0.999;-57.546
967;-1.958;13.832;1.958;0.0000000000000000000000000;0.999;-48.280;-0.014;-1.829;13.573;0.0000000000000000000000000;0.999;-51.719
968;-1.976;15.193;1.976;0.0000000000000000000000000;0.999;-77.485;0.007;-2.041;15.322;0.0000000000000000000000000;0.999;-78.159
969;-1.943;13.027;1.943;0.0000000000000000000000000;0.999;-49.157;-0.006;-1.891;12.922;0.0000000000000000000000000;0.999;-48.008
970;-1.912;13.566;1.912;0.0000000000000000000000000;0.999;-85.472;-0.005;-1.866;13.474;0.0000000000000000000000000;0.999;-85.110
971;-1.912;14.636;1.912;0.0000000000000000000000000;0.996;-9.438;-0.048;-1.459;13.726;0.0000000000000000000000000;0.999;-44.214
972;-1.896;13.418;1.896;0.0000000000000000000000000;0.998;-39.975;-0.029;-1.627;12.878;0.0000000000000000000000000;0.999;-61.670
973;-1.944;13.252;1.944;0.0000000000000000000000000;0.999;-55.088;-0.025;-1.709;12.780;0.0000000000000000000000000;0.999;-80.256
974;-1.977;14.883;1.977;0.0000000000000000000000000;0.999;-80.609;0.007;-2.047;15.022;0.0000000000000000000000000;0.999;-81.958
975;-1.965;14.771;1.965;0.0000000000000000000000000;0.999;-74.572;-0.013;-1.840;14.518;0.0000000000000000000000000;0.999;-82.948
976;-1.958;15.315;1.958;0.0000000000000000000000000;1.000;-100.884;0.009;-2.043;15.484;0.0000000000000000000000000;1.000;-107.619
977;-2.003;15.640;2.003;0.0000000000000000000000000;0.999;-51.547;0.007;-2.067;15.770;0.0000000000000000000000000;0.999;-50.940
978;-1.979;14.470;1.979;0.0000000000000000000000000;0.999;-76.493;0.012;-2.093;14.698;0.0000000000000000000000000;0.999;-83.179
979;-1.950;13.947;1.950;0.0000000000000000000000000;0.997;-19.929;-0.009;-1.867;13.779;0.0000000000000000000000000;0.997;-19.013
980;-1.922;13.195;1.922;0.0000000000000000000000000;0.997;-21.587;-0.008;-1.850;13.051;0.0000000000000000000000000;0.997;-20.418
981;-1.971;14.836;1.971;0.0000000000000000000000000;1.000;-101.520;0.002;-1.989;14.872;0.0000000000000000000000000;1.000;-99.888
982;-1.930;13.962;1.930;0.0000000000000000000000000;0.999;-47.812;-0.019;-1.748;13.596;0.0000000000000000000000000;0.999;-57.256
983;-1.880;14.179;1.880;0.0000000000000000000000000;0.998;-39.002;-0.018;-1.710;13.838;0.0000000000000000000000000;0.998;-44.702
984;-1.986;15.138;1.986;0.0000000000000000000000000;0.999;-58.368;-0.006;-1.933;15.030;0.0000000000000000000000000;0.999;-57.514
985;-1.910;14.262;1.910;0.0000000000000000000000000;1.000;-99.025;0.005;-1.956;14.356;0.0000000000000000000000000;1.000;-99.383
986;-1.951;13.909;1.951;0.0000000000000000000000000;1.000;-114.635;0.008;-2.027;14.062;0.0000000000000000000000000;1.000;-122.622
989;-1.846;13.477;1.846;0.0000000000000000000000000;0.999;-86.179;0.008;-1.924;13.633;0.0000000000000000000000000;0.999;-89.079
990;-1.882;13.277;1.882;0.0000000000000000000000000;0.997;-22.483;0.005;-1.933;13.379;0.0000000000000000000000000;0.997;-20.900
991;-1.975;14.402;1.975;0.0000000000000000000000000;0.999;-84.524;-0.005;-1.929;14.311;0.0000000000000000000000000;0.999;-84.067
992;-1.990;15.612;1.990;0.0000000000000000000000000;0.999;-77.884;-0.002;-1.971;15.574;0.0000000000000000000000000;0.999;-76.104
993;-1.958;12.826;1.958;0.0000000000000000000000000;0.998;-39.336;-0.014;-1.823;12.556;0.0000000000000000000000000;0.999;-42.037
994;-1.956;13.576;1.956;0.0000000000000000000000000;0.999;-62.753;-0.007;-1.890;13.443;0.0000000000000000000000000;0.999;-62.695
995;-1.980;13.938;1.980;0.0000000000000000000000000;0.998;-36.836;-0.007;-1.912;13.801;0.0000000000000000000000000;0.998;-35.921
996;-1.887;13.101;1.887;0.0000000000000000000000000;0.998;-28.370;-0.020;-1.694;12.714;0.0000000000000000000000000;0.998;-34.021
997;-1.884;13.691;1.884;0.0000000000000000000000000;1.000;-97.912;0.000;-1.887;13.698;0.0000000000000000000000000;1.000;-95.923
998;-1.852;13.921;1.852;0.0000000000000000000000000;0.995;-0.108;-0.057;-1.313;12.838;0.0000000000000000000000000;0.998;-43.301
999;-1.957;14.094;1.957;0.0000000000000000000000000;0.999;-59.347;-0.014;-1.827;13.832;0.0000000000000000000000000;0.999;-64.804
1000;-1.953;15.188;1.953;0.0000000000000000000000000;0.999;-50.323;0.020;-2.140;15.564;0.0000000000000000000000000;0.999;-61.398
1002;-1.906;13.545;1.906;0.0000000000000000000000000;0.999;-81.737;-0.004;-1.870;13.474;0.0000000000000000000000000;0.999;-80.627
1003;-1.982;14.614;1.982;0.0000000000000000000000000;0.999;-67.637;0.006;-2.041;14.733;0.0000000000000000000000000;0.999;-67.388
1004;-1.895;12.522;1.895;0.0000000000000000000000000;0.998;-38.179;-0.024;-1.665;12.059;0.0000000000000000000000000;0.999;-51.344
1005;-1.968;14.162;1.968;0.0000000000000000000000000;1.000;-93.740;0.000;-1.969;14.163;0.0000000000000000000000000;1.000;-91.740
1006;-1.989;14.672;1.989;0.0000000000000000000000000;0.994;12.296;0.008;-2.065;14.824;0.0000000000000000000000000;0.994;13.894
1007;-1.866;14.000;1.866;0.0000000000000000000000000;0.999;-75.350;0.006;-1.921;14.109;0.0000000000000000000000000;0.999;-75.126
1008;-2.000;15.341;2.000;0.0000000000000000000000000;0.999;-59.499;0.004;-2.038;15.417;0.0000000000000000000000000;0.999;-58.087
1009;-1.992;14.642;1.992;0.0000000000000000000000000;0.999;-68.123;0.001;-2.004;14.666;0.0000000000000000000000000;0.999;-66.196
1010;-1.958;14.674;1.958;0.0000000000000000000000000;1.000;-88.842;-0.012;-1.847;14.451;0.0000000000000000000000000;1.000;-98.443
1012;-1.976;14.944;1.976;0.0000000000000000000000000;1.000;-96.909;0.009;-2.057;15.107;0.0000000000000000000000000;1.000;-102.116
1013;-1.922;14.586;1.922;0.0000000000000000000000000;0.999;-61.471;-0.007;-1.861;14.462;0.0000000000000000000000000;0.999;-61.086
1014;-1.984;14.220;1.984;0.0000000000000000000000000;0.999;-76.299;-0.001;-1.974;14.201;0.0000000000000000000000000;0.999;-74.357
1015;-1.991;15.804;1.991;0.0000000000000000000000000;1.000;-97.607;0.011;-2.096;16.015;0.0000000000000000000000000;1.000;-108.665
1016;-1.921;13.090;1.921;0.0000000000000000000000000;0.999;-54.554;-0.030;-1.641;12.527;0.0000000000000000000000000;1.000;-99.325
1017;-1.998;16.045;1.998;0.0000000000000000000000000;0.999;-59.446;0.003;-2.022;16.092;0.0000000000000000000000000;0.999;-57.675
1018;-1.967;13.786;1.967;0.0000000000000000000000000;0.999;-87.548;-0.002;-1.951;13.755;0.0000000000000000000000000;0.999;-85.740
1019;-1.977;14.603;1.977;0.0000000000000000000000000;1.000;-112.921;0.005;-2.024;14.698;0.0000000000000000000000000;1.000;-114.387
1020;-1.989;14.890;1.989;0.0000000000000000000000000;0.999;-60.865;0.005;-2.037;14.988;0.0000000000000000000000000;0.999;-59.850
1021;-1.991;15.259;1.991;0.0000000000000000000000000;0.999;-86.418;0.007;-2.053;15.384;0.0000000000000000000000000;1.000;-87.512
1022;-1.883;12.691;1.883;0.0000000000000000000000000;0.998;-37.712;0.022;-2.091;13.109;0.0000000000000000000000000;0.999;-47.433
1023;-1.969;14.847;1.969;0.0000000000000000000000000;1.000;-109.427;-0.004;-1.930;14.769;0.0000000000000000000000000;1.000;-109.526
1024;-1.933;14.797;1.933;0.0000000000000000000000000;0.998;-25.096;0.001;-1.945;14.820;0.0000000000000000000000000;0.998;-23.118
1025;-1.977;13.908;1.977;0.0000000000000000000000000;1.000;-123.007;0.002;-1.995;13.945;0.0000000000000000000000000;1.000;-121.646
1026;-1.972;13.714;1.972;0.0000000000000000000000000;0.997;-19.507;-0.002;-1.956;13.682;0.0000000000000000000000000;0.997;-17.544
1027;-1.967;14.150;1.967;0.0000000000000000000000000;0.998;-33.883;-0.003;-1.936;14.087;0.0000000000000000000000000;0.998;-32.091
1028;-1.948;14.449;1.948;0.0000000000000000000000000;0.999;-59.596;-0.008;-1.871;14.294;0.0000000000000000000000000;0.999;-60.063
1029;-1.963;14.553;1.963;0.0000000000000000000000000;1.000;-106.830;-0.009;-1.880;14.386;0.0000000000000000000000000;1.000;-114.678
1030;-1.946;13.806;1.946;0.0000000000000000000000000;0.999;-68.071;-0.015;-1.808;13.530;0.0000000000000000000000000;0.999;-76.702
1031;-1.943;13.716;1.943;0.0000000000000000000000000;0.998;-24.791;-0.008;-1.865;13.561;0.0000000000000000000000000;0.998;-23.831
1032;-1.943;14.583;1.943;0.0000000000000000000000000;0.999;-62.029;0.001;-1.953;14.603;0.0000000000000000000000000;0.999;-60.071
1033;-1.927;13.766;1.927;0.0000000000000000000000000;0.997;-23.495;-0.005;-1.882;13.674;0.0000000000000000000000000;0.997;-21.845
1034;-1.986;15.756;1.986;0.0000000000000000000000000;1.000;-113.344;0.003;-2.016;15.816;0.0000000000000000000000000;1.000;-112.718
1035;-1.988;13.665;1.988;0.0000000000000000000000000;0.999;-69.471;-0.003;-1.958;13.605;0.0000000000000000000000000;0.999;-67.937
1036;-1.970;14.255;1.970;0.0000000000000000000000000;0.997;-20.336;-0.004;-1.930;14.175;0.0000000000000000000000000;0.997;-18.582
1037;-1.965;13.335;1.965;0.0000000000000000000000000;0.999;-87.800;-0.003;-1.939;13.284;0.0000000000000000000000000;0.999;-86.322
1038;-1.926;15.139;1.926;0.0000000000000000000000000;0.999;-84.737;-0.008;-1.850;14.986;0.0000000000000000000000000;0.999;-87.264
1039;-1.942;13.843;1.942;0.0000000000000000000000000;0.999;-49.784;-0.027;-1.692;13.340;0.0000000000000000000000000;0.999;-74.916
1040;-1.957;13.917;1.957;0.0000000000000000000000000;0.999;-76.893;-0.007;-1.895;13.792;0.0000000000000000000000000;0.999;-77.339
1041;-1.963;14.293;1.963;0.0000000000000000000000000;1.000;-117.546;-0.002;-1.948;14.263;0.0000000000000000000000000;1.000;-115.904
1042;-1.909;12.846;1.909;0.0000000000000000000000000;0.997;-23.063;-0.001;-1.902;12.831;0.0000000000000000000000000;0.997;-21.073
1043;-1.998;15.237;1.998;0.0000000000000000000000000;0.999;-76.995;-0.001;-1.989;15.219;0.0000000000000000000000000;0.999;-75.046
1044;-1.945;14.428;1.945;0.0000000000000000000000000;0.999;-50.807;0.005;-1.989;14.516;0.0000000000000000000000000;0.999;-49.426
1045;-1.924;14.599;1.924;0.0000000000000000000000000;0.999;-89.587;-0.002;-1.910;14.571;0.0000000000000000000000000;0.999;-87.758
1046;-1.939;14.057;1.939;0.0000000000000000000000000;0.999;-80.522;-0.011;-1.833;13.844;0.0000000000000000000000000;0.999;-86.893
1047;-1.929;14.343;1.929;0.0000000000000000000000000;0.999;-59.829;-0.026;-1.685;13.853;0.0000000000000000000000000;1.000;-94.098
1048;-1.982;15.273;1.982;0.0000000000000000000000000;1.000;-93.511;-0.002;-1.967;15.243;0.0000000000000000000000000;1.000;-91.716
1049;-1.823;12.252;1.823;0.0000000000000000000000000;0.998;-32.244;-0.024;-1.595;11.794;0.0000000000000000000000000;0.998;-42.642
1050;-2.004;15.200;2.004;0.0000000000000000000000000;0.999;-73.090;0.011;-2.105;15.404;0.0000000000000000000000000;0.999;-77.294
1052;-1.992;14.468;1.992;0.0000000000000000000000000;0.999;-71.990;0.001;-2.000;14.484;0.0000000000000000000000000;0.999;-70.023
1053;-1.986;15.073;1.986;0.0000000000000000000000000;0.999;-61.821;-0.012;-1.878;14.855;0.0000000000000000000000000;0.999;-65.169
1054;-1.980;14.460;1.980;0.0000000000000000000000000;0.999;-55.155;-0.008;-1.904;14.307;0.0000000000000000000000000;0.999;-55.287
1055;-1.974;14.007;1.974;0.0000000000000000000000000;0.999;-57.660;-0.011;-1.872;13.802;0.0000000000000000000000000;0.999;-59.868
1056;-1.978;15.087;1.978;0.0000000000000000000000000;0.999;-71.176;0.007;-2.045;15.220;0.0000000000000000000000000;0.999;-71.590
1057;-1.889;13.130;1.889;0.0000000000000000000000000;0.999;-71.991;-0.017;-1.728;12.805;0.0000000000000000000000000;0.999;-87.413
1058;-1.977;13.200;1.977;0.0000000000000000000000000;0.999;-80.962;-0.005;-1.927;13.098;0.0000000000000000000000000;0.999;-80.730
1059;-1.942;15.090;1.942;0.0000000000000000000000000;0.999;-84.097;0.016;-2.088;15.384;0.0000000000000000000000000;1.000;-101.955
1060;-1.993;15.146;1.993;0.0000000000000000000000000;0.999;-86.957;-0.002;-1.970;15.101;0.0000000000000000000000000;0.999;-85.350
1061;-1.958;12.549;1.958;0.0000000000000000000000000;0.999;-73.700;-0.007;-1.891;12.414;0.0000000000000000000000000;0.999;-74.341
1062;-1.964;15.494;1.964;0.0000000000000000000000000;0.999;-83.238;-0.014;-1.833;15.231;0.0000000000000000000000000;1.000;-95.768
1063;-1.917;13.455;1.917;0.0000000000000000000000000;0.999;-56.741;-0.019;-1.742;13.104;0.0000000000000000000000000;0.999;-68.205
1064;-1.837;12.904;1.837;0.0000000000000000000000000;0.995;0.072;-0.058;-1.291;11.805;0.0000000000000000000000000;0.998;-45.265
1065;-1.988;16.072;1.988;0.0000000000000000000000000;0.999;-44.877;0.008;-2.066;16.229;0.0000000000000000000000000;0.999;-44.639
1066;-1.972;14.556;1.972;0.0000000000000000000000000;1.000;-98.186;-0.008;-1.895;14.400;0.0000000000000000000000000;1.000;-102.920
1067;-1.920;13.544;1.920;0.0000000000000000000000000;0.999;-62.185;-0.017;-1.762;13.226;0.0000000000000000000000000;0.999;-72.658
1070;-1.963;14.967;1.963;0.0000000000000000000000000;0.998;-40.685;-0.011;-1.857;14.754;0.0000000000000000000000000;0.999;-41.652
1071;-1.964;15.018;1.964;0.0000000000000000000000000;0.999;-74.787;0.008;-2.035;15.161;0.0000000000000000000000000;0.999;-75.833
1072;-1.971;14.229;1.971;0.0000000000000000000000000;0.998;-32.336;-0.015;-1.830;13.945;0.0000000000000000000000000;0.998;-34.696
1073;-1.909;13.946;1.909;0.0000000000000000000000000;0.999;-77.684;-0.001;-1.904;13.935;0.0000000000000000000000000;0.999;-75.700
1074;-1.977;13.870;1.977;0.0000000000000000000000000;0.999;-84.221;-0.005;-1.933;13.782;0.0000000000000000000000000;0.999;-83.628
1076;-1.966;14.971;1.966;0.0000000000000000000000000;0.999;-47.986;-0.002;-1.952;14.942;0.0000000000000000000000000;0.999;-46.048
1077;-1.974;14.220;1.974;0.0000000000000000000000000;0.998;-42.892;0.003;-2.002;14.276;0.0000000000000000000000000;0.999;-41.103
1078;-1.957;14.504;1.957;0.0000000000000000000000000;0.999;-47.717;-0.004;-1.920;14.429;0.0000000000000000000000000;0.999;-46.131
1079;-1.937;14.845;1.937;0.0000000000000000000000000;0.999;-52.949;-0.004;-1.897;14.764;0.0000000000000000000000000;0.999;-51.503
1080;-1.894;14.750;1.894;0.0000000000000000000000000;0.999;-47.342;0.023;-2.108;15.179;0.0000000000000000000000000;0.999;-61.842
1081;-1.953;13.623;1.953;0.0000000000000000000000000;1.000;-95.596;0.005;-2.004;13.725;0.0000000000000000000000000;1.000;-96.200
1082;-1.837;14.013;1.837;0.0000000000000000000000000;0.999;-64.864;0.016;-1.985;14.310;0.0000000000000000000000000;0.999;-74.360
1083;-1.999;14.951;1.999;0.0000000000000000000000000;1.000;-124.603;-0.002;-1.978;14.907;0.0000000000000000000000000;1.000;-123.519
1085;-1.945;14.722;1.945;0.0000000000000000000000000;0.999;-61.461;0.004;-1.979;14.789;0.0000000000000000000000000;0.999;-59.931
1086;-1.984;15.147;1.984;0.0000000000000000000000000;0.999;-84.087;-0.006;-1.925;15.028;0.0000000000000000000000000;0.999;-84.746
1087;-1.947;14.872;1.947;0.0000000000000000000000000;0.998;-24.342;-0.021;-1.750;14.476;0.0000000000000000000000000;0.998;-29.536
1088;-1.991;14.902;1.991;0.0000000000000000000000000;0.999;-82.936;0.004;-2.027;14.975;0.0000000000000000000000000;0.999;-81.877
1089;-1.999;16.896;1.999;0.0000000000000000000000000;1.000;-111.268;0.002;-2.022;16.940;0.0000000000000000000000000;1.000;-109.935
1090;-1.951;14.854;1.951;0.0000000000000000000000000;0.999;-78.532;-0.016;-1.804;14.560;0.0000000000000000000000000;1.000;-93.252
1092;-1.964;14.320;1.964;0.0000000000000000000000000;0.999;-47.457;-0.000;-1.961;14.315;0.0000000000000000000000000;0.999;-45.460
1093;-1.975;13.897;1.975;0.0000000000000000000000000;0.999;-47.709;0.000;-1.976;13.899;0.0000000000000000000000000;0.999;-45.709
1094;-1.926;13.964;1.926;0.0000000000000000000000000;0.999;-65.816;-0.001;-1.920;13.951;0.0000000000000000000000000;0.999;-63.837
1095;-1.984;14.696;1.984;0.0000000000000000000000000;0.999;-86.881;-0.003;-1.958;14.642;0.0000000000000000000000000;0.999;-85.437
1096;-1.969;13.369;1.969;0.0000000000000000000000000;1.000;-103.569;-0.008;-1.892;13.215;0.0000000000000000000000000;1.000;-109.123
1097;-1.975;15.678;1.975;0.0000000000000000000000000;0.999;-83.362;0.009;-2.057;15.842;0.0000000000000000000000000;1.000;-86.502
1098;-1.958;14.544;1.958;0.0000000000000000000000000;0.999;-44.937;0.015;-2.100;14.828;0.0000000000000000000000000;0.999;-48.977
1099;-1.900;14.015;1.900;0.0000000000000000000000000;0.999;-65.504;0.008;-1.973;14.161;0.0000000000000000000000000;0.999;-66.055
1100;-1.935;14.182;1.935;0.0000000000000000000000000;1.000;-98.803;-0.001;-1.929;14.169;0.0000000000000000000000000;1.000;-96.847
1101;-1.864;13.942;1.864;0.0000000000000000000000000;0.999;-65.164;0.020;-2.055;14.326;0.0000000000000000000000000;0.999;-84.753
1102;-1.861;12.668;1.861;0.0000000000000000000000000;0.999;-68.279;-0.017;-1.703;12.350;0.0000000000000000000000000;0.999;-81.160
1103;-1.988;14.380;1.988;0.0000000000000000000000000;0.999;-52.382;0.002;-2.006;14.415;0.0000000000000000000000000;0.999;-50.488
1104;-1.981;15.343;1.981;0.0000000000000000000000000;0.999;-62.089;0.006;-2.036;15.454;0.0000000000000000000000000;0.999;-61.402
1105;-1.985;14.515;1.985;0.0000000000000000000000000;0.999;-58.126;0.002;-2.007;14.560;0.0000000000000000000000000;0.999;-56.325
1106;-1.959;14.638;1.959;0.0000000000000000000000000;0.999;-77.744;-0.003;-1.930;14.581;0.0000000000000000000000000;0.999;-76.255
1107;-1.921;14.178;1.921;0.0000000000000000000000000;0.999;-75.410;-0.010;-1.823;13.981;0.0000000000000000000000000;0.999;-79.511
1108;-1.956;12.762;1.956;0.0000000000000000000000000;0.999;-68.148;-0.007;-1.886;12.620;0.0000000000000000000000000;0.999;-68.675
1109;-1.874;14.242;1.874;0.0000000000000000000000000;0.999;-60.272;-0.012;-1.763;14.020;0.0000000000000000000000000;0.999;-63.599
1110;-1.962;13.512;1.962;0.0000000000000000000000000;1.000;-89.731;0.001;-1.968;13.523;0.0000000000000000000000000;1.000;-87.756
1111;-1.986;14.353;1.986;0.0000000000000000000000000;1.000;-116.271;-0.008;-1.912;14.205;0.0000000000000000000000000;1.000;-124.155
1112;-1.933;14.813;1.933;0.0000000000000000000000000;0.999;-48.783;-0.006;-1.876;14.698;0.0000000000000000000000000;0.999;-47.803
1113;-1.911;14.229;1.911;0.0000000000000000000000000;0.998;-41.294;-0.015;-1.768;13.940;0.0000000000000000000000000;0.999;-45.000
1114;-1.975;14.943;1.975;0.0000000000000000000000000;1.000;-97.332;-0.002;-1.957;14.908;0.0000000000000000000000000;1.000;-95.632
1115;-1.954;14.467;1.954;0.0000000000000000000000000;1.000;-101.157;-0.006;-1.895;14.348;0.0000000000000000000000000;1.000;-103.227
1116;-1.944;14.536;1.944;0.0000000000000000000000000;0.999;-55.527;0.009;-2.024;14.698;0.0000000000000000000000000;0.999;-55.976
1117;-1.969;14.216;1.969;0.0000000000000000000000000;0.999;-54.726;-0.002;-1.950;14.178;0.0000000000000000000000000;0.999;-52.855
1118;-1.924;11.851;1.924;0.0000000000000000000000000;0.996;-10.221;-0.007;-1.861;11.723;0.0000000000000000000000000;0.997;-8.710
1120;-1.894;14.551;1.894;0.0000000000000000000000000;1.000;-107.535;-0.005;-1.843;14.449;0.0000000000000000000000000;1.000;-109.030
1121;-1.987;16.075;1.987;0.0000000000000000000000000;0.999;-68.800;0.009;-2.075;16.252;0.0000000000000000000000000;0.999;-70.885
